{"subjects": {"s037": {"false acceptance rate": 0.0475, "false rejection rate": 0.0375, "precision": 0.8862275449101796, "recall": 0.9079754601226994, "f1": 0.896969696969697}, "s055": {"false acceptance rate": 0.005, "false rejection rate": 0.01, "precision": 0.9871794871794872, "recall": 0.9746835443037974, "f1": 0.980891719745223}, "s030": {"false acceptance rate": 0.045, "false rejection rate": 0.035, "precision": 0.8947368421052632, "recall": 0.9161676646706587, "f1": 0.9053254437869822}, "s031": {"false acceptance rate": 0.07, "false rejection rate": 0.0475, "precision": 0.8157894736842105, "recall": 0.8671328671328671, "f1": 0.8406779661016948}, "s048": {"false acceptance rate": 0.055, "false rejection rate": 0.02, "precision": 0.8461538461538461, "recall": 0.937984496124031, "f1": 0.8897058823529412}, "s056": {"false acceptance rate": 0.015, "false rejection rate": 0.015, "precision": 0.9607843137254902, "recall": 0.9607843137254902, "f1": 0.9607843137254902}, "s057": {"false acceptance rate": 0.02, "false rejection rate": 0.0225, "precision": 0.9520958083832335, "recall": 0.9464285714285714, "f1": 0.9492537313432836}, "s054": {"false acceptance rate": 0.01, "false rejection rate": 0.03, "precision": 0.9738562091503268, "recall": 0.9254658385093167, "f1": 0.9490445859872612}, "s033": {"false acceptance rate": 0.0325, "false rejection rate": 0.01, "precision": 0.9221556886227545, "recall": 0.9746835443037974, "f1": 0.9476923076923077}, "s052": {"false acceptance rate": 0.0075, "false rejection rate": 0.005, "precision": 0.9803921568627451, "recall": 0.9868421052631579, "f1": 0.9836065573770492}, "s053": {"false acceptance rate": 0.0, "false rejection rate": 0.0075, "precision": 1.0, "recall": 0.9821428571428571, "f1": 0.9909909909909909}, "s050": {"false acceptance rate": 0.0425, "false rejection rate": 0.0175, "precision": 0.8988095238095238, "recall": 0.9556962025316456, "f1": 0.9263803680981595}, "s018": {"false acceptance rate": 0.015, "false rejection rate": 0.03, "precision": 0.9662921348314607, "recall": 0.9347826086956522, "f1": 0.9502762430939227}, "s019": {"false acceptance rate": 0.0125, "false rejection rate": 0.02, "precision": 0.9693251533742331, "recall": 0.9518072289156626, "f1": 0.9604863221884498}, "s038": {"false acceptance rate": 0.0225, "false rejection rate": 0.0175, "precision": 0.9423076923076923, "recall": 0.9545454545454546, "f1": 0.9483870967741935}, "s039": {"false acceptance rate": 0.0275, "false rejection rate": 0.04, "precision": 0.9364161849710982, "recall": 0.9101123595505618, "f1": 0.9230769230769231}, "s012": {"false acceptance rate": 0.005, "false rejection rate": 0.0225, "precision": 0.9872611464968153, "recall": 0.9451219512195121, "f1": 0.9657320872274143}, "s013": {"false acceptance rate": 0.0225, "false rejection rate": 0.0275, "precision": 0.9479768786127167, "recall": 0.9371428571428572, "f1": 0.942528735632184}, "s010": {"false acceptance rate": 0.005, "false rejection rate": 0.02, "precision": 0.9879518072289156, "recall": 0.9534883720930233, "f1": 0.9704142011834319}, "s011": {"false acceptance rate": 0.005, "false rejection rate": 0.035, "precision": 0.9883720930232558, "recall": 0.9239130434782609, "f1": 0.9550561797752809}, "s016": {"false acceptance rate": 0.065, "false rejection rate": 0.0075, "precision": 0.8266666666666667, "recall": 0.9763779527559056, "f1": 0.8953068592057762}, "s017": {"false acceptance rate": 0.015, "false rejection rate": 0.0125, "precision": 0.9602649006622517, "recall": 0.9666666666666667, "f1": 0.9634551495016612}, "s032": {"false acceptance rate": 0.035, "false rejection rate": 0.0325, "precision": 0.9125, "recall": 0.9182389937106918, "f1": 0.9153605015673982}, "s015": {"false acceptance rate": 0.025, "false rejection rate": 0.0225, "precision": 0.9390243902439024, "recall": 0.9447852760736196, "f1": 0.9418960244648318}, "s051": {"false acceptance rate": 0.0425, "false rejection rate": 0.0275, "precision": 0.8930817610062893, "recall": 0.9281045751633987, "f1": 0.9102564102564102}, "s005": {"false acceptance rate": 0.025, "false rejection rate": 0.0225, "precision": 0.9363057324840764, "recall": 0.9423076923076923, "f1": 0.939297124600639}, "s004": {"false acceptance rate": 0.0475, "false rejection rate": 0.0225, "precision": 0.8789808917197452, "recall": 0.9387755102040817, "f1": 0.9078947368421053}, "s007": {"false acceptance rate": 0.0175, "false rejection rate": 0.0225, "precision": 0.9554140127388535, "recall": 0.9433962264150944, "f1": 0.949367088607595}, "s003": {"false acceptance rate": 0.01, "false rejection rate": 0.015, "precision": 0.9759036144578314, "recall": 0.9642857142857143, "f1": 0.970059880239521}, "s002": {"false acceptance rate": 0.0925, "false rejection rate": 0.0475, "precision": 0.7448275862068966, "recall": 0.8503937007874016, "f1": 0.7941176470588237}, "s041": {"false acceptance rate": 0.01, "false rejection rate": 0.0175, "precision": 0.9764705882352941, "recall": 0.9595375722543352, "f1": 0.9679300291545189}, "s040": {"false acceptance rate": 0.03, "false rejection rate": 0.015, "precision": 0.927710843373494, "recall": 0.9625, "f1": 0.9447852760736196}, "s043": {"false acceptance rate": 0.025, "false rejection rate": 0.005, "precision": 0.9401197604790419, "recall": 0.9874213836477987, "f1": 0.9631901840490797}, "s042": {"false acceptance rate": 0.025, "false rejection rate": 0.02, "precision": 0.9382716049382716, "recall": 0.95, "f1": 0.9440993788819876}, "s008": {"false acceptance rate": 0.0125, "false rejection rate": 0.0225, "precision": 0.9675324675324676, "recall": 0.9430379746835443, "f1": 0.9551282051282052}, "s047": {"false acceptance rate": 0.075, "false rejection rate": 0.025, "precision": 0.8026315789473685, "recall": 0.9242424242424242, "f1": 0.8591549295774648}, "s046": {"false acceptance rate": 0.0425, "false rejection rate": 0.0175, "precision": 0.8866666666666667, "recall": 0.95, "f1": 0.9172413793103449}, "s049": {"false acceptance rate": 0.0425, "false rejection rate": 0.0225, "precision": 0.89375, "recall": 0.9407894736842105, "f1": 0.9166666666666667}, "s029": {"false acceptance rate": 0.045, "false rejection rate": 0.01, "precision": 0.8823529411764706, "recall": 0.9712230215827338, "f1": 0.9246575342465753}, "s028": {"false acceptance rate": 0.035, "false rejection rate": 0.0125, "precision": 0.9041095890410958, "recall": 0.9635036496350365, "f1": 0.9328621908127209}, "s027": {"false acceptance rate": 0.035, "false rejection rate": 0.0225, "precision": 0.9119496855345912, "recall": 0.9415584415584416, "f1": 0.9265175718849841}, "s026": {"false acceptance rate": 0.0475, "false rejection rate": 0.0275, "precision": 0.888235294117647, "recall": 0.9320987654320988, "f1": 0.9096385542168673}, "s025": {"false acceptance rate": 0.0475, "false rejection rate": 0.0075, "precision": 0.8642857142857143, "recall": 0.9758064516129032, "f1": 0.9166666666666667}, "s024": {"false acceptance rate": 0.055, "false rejection rate": 0.0125, "precision": 0.8705882352941177, "recall": 0.9673202614379085, "f1": 0.9164086687306501}, "s022": {"false acceptance rate": 0.055, "false rejection rate": 0.0, "precision": 0.8674698795180723, "recall": 1.0, "f1": 0.9290322580645161}, "s021": {"false acceptance rate": 0.0125, "false rejection rate": 0.025, "precision": 0.9696969696969697, "recall": 0.9411764705882353, "f1": 0.955223880597015}, "s020": {"false acceptance rate": 0.02, "false rejection rate": 0.0325, "precision": 0.9477124183006536, "recall": 0.9177215189873418, "f1": 0.932475884244373}, "s034": {"false acceptance rate": 0.015, "false rejection rate": 0.0325, "precision": 0.9634146341463414, "recall": 0.9239766081871345, "f1": 0.9432835820895521}, "s044": {"false acceptance rate": 0.075, "false rejection rate": 0.0175, "precision": 0.8125, "recall": 0.948905109489051, "f1": 0.8754208754208753}, "s035": {"false acceptance rate": 0.0425, "false rejection rate": 0.0425, "precision": 0.8851351351351351, "recall": 0.8851351351351351,