{"subjects": {"s037": {"false acceptance rate": 0.025, "false rejection rate": 0.0275, "precision": 0.9401197604790419, "recall": 0.9345238095238095, "f1": 0.9373134328358208}, "s055": {"false acceptance rate": 0.0, "false rejection rate": 0.01, "precision": 1.0, "recall": 0.975, "f1": 0.9873417721518987}, "s030": {"false acceptance rate": 0.0075, "false rejection rate": 0.015, "precision": 0.9824561403508771, "recall": 0.9655172413793104, "f1": 0.9739130434782608}, "s031": {"false acceptance rate": 0.0125, "false rejection rate": 0.045, "precision": 0.9671052631578947, "recall": 0.8909090909090909, "f1": 0.9274447949526813}, "s048": {"false acceptance rate": 0.0275, "false rejection rate": 0.0075, "precision": 0.9230769230769231, "recall": 0.9777777777777777, "f1": 0.9496402877697843}, "s056": {"false acceptance rate": 0.01, "false rejection rate": 0.02, "precision": 0.9738562091503268, "recall": 0.9490445859872612, "f1": 0.9612903225806452}, "s057": {"false acceptance rate": 0.015, "false rejection rate": 0.0275, "precision": 0.9640718562874252, "recall": 0.936046511627907, "f1": 0.9498525073746313}, "s054": {"false acceptance rate": 0.015, "false rejection rate": 0.035, "precision": 0.9607843137254902, "recall": 0.9130434782608695, "f1": 0.9363057324840764}, "s033": {"false acceptance rate": 0.0125, "false rejection rate": 0.0025, "precision": 0.9700598802395209, "recall": 0.9938650306748467, "f1": 0.9818181818181819}, "s052": {"false acceptance rate": 0.0, "false rejection rate": 0.005, "precision": 1.0, "recall": 0.9870967741935484, "f1": 0.9935064935064934}, "s053": {"false acceptance rate": 0.0, "false rejection rate": 0.0075, "precision": 1.0, "recall": 0.9821428571428571, "f1": 0.9909909909909909}, "s050": {"false acceptance rate": 0.005, "false rejection rate": 0.025, "precision": 0.9880952380952381, "recall": 0.9431818181818182, "f1": 0.9651162790697674}, "s018": {"false acceptance rate": 0.0075, "false rejection rate": 0.025, "precision": 0.9831460674157303, "recall": 0.9459459459459459, "f1": 0.9641873278236914}, "s019": {"false acceptance rate": 0.0, "false rejection rate": 0.025, "precision": 1.0, "recall": 0.9421965317919075, "f1": 0.9702380952380953}, "s038": {"false acceptance rate": 0.0, "false rejection rate": 0.0075, "precision": 1.0, "recall": 0.9811320754716981, "f1": 0.9904761904761905}, "s039": {"false acceptance rate": 0.0025, "false rejection rate": 0.015, "precision": 0.9942196531791907, "recall": 0.9662921348314607, "f1": 0.9800569800569802}, "s012": {"false acceptance rate": 0.0025, "false rejection rate": 0.0025, "precision": 0.9936305732484076, "recall": 0.9936305732484076, "f1": 0.9936305732484076}, "s013": {"false acceptance rate": 0.015, "false rejection rate": 0.02, "precision": 0.9653179190751445, "recall": 0.9542857142857143, "f1": 0.9597701149425287}, "s010": {"false acceptance rate": 0.005, "false rejection rate": 0.01, "precision": 0.9879518072289156, "recall": 0.9761904761904762, "f1": 0.9820359281437125}, "s011": {"false acceptance rate": 0.0025, "false rejection rate": 0.0225, "precision": 0.9941860465116279, "recall": 0.95, "f1": 0.9715909090909091}, "s016": {"false acceptance rate": 0.01, "false rejection rate": 0.0025, "precision": 0.9733333333333334, "recall": 0.9931972789115646, "f1": 0.9831649831649831}, "s017": {"false acceptance rate": 0.0025, "false rejection rate": 0.0075, "precision": 0.9933774834437086, "recall": 0.9803921568627451, "f1": 0.9868421052631579}, "s032": {"false acceptance rate": 0.0175, "false rejection rate": 0.0225, "precision": 0.95625, "recall": 0.9444444444444444, "f1": 0.9503105590062112}, "s015": {"false acceptance rate": 0.01, "false rejection rate": 0.0125, "precision": 0.975609756097561, "recall": 0.9696969696969697, "f1": 0.9726443768996961}, "s051": {"false acceptance rate": 0.0125, "false rejection rate": 0.0275, "precision": 0.9685534591194969, "recall": 0.9333333333333333, "f1": 0.9506172839506173}, "s005": {"false acceptance rate": 0.0125, "false rejection rate": 0.01, "precision": 0.9681528662420382, "recall": 0.9743589743589743, "f1": 0.9712460063897764}, "s004": {"false acceptance rate": 0.005, "false rejection rate": 0.025, "precision": 0.9872611464968153, "recall": 0.9393939393939394, "f1": 0.9627329192546584}, "s007": {"false acceptance rate": 0.0025, "false rejection rate": 0.01, "precision": 0.9936305732484076, "recall": 0.975, "f1": 0.9842271293375395}, "s003": {"false acceptance rate": 0.005, "false rejection rate": 0.0175, "precision": 0.9879518072289156, "recall": 0.9590643274853801, "f1": 0.9732937685459939}, "s002": {"false acceptance rate": 0.0125, "false rejection rate": 0.04, "precision": 0.9655172413793104, "recall": 0.8974358974358975, "f1": 0.9302325581395349}, "s041": {"false acceptance rate": 0.005, "false rejection rate": 0.0025, "precision": 0.9882352941176471, "recall": 0.9940828402366864, "f1": 0.9911504424778761}, "s040": {"false acceptance rate": 0.01, "false rejection rate": 0.005, "precision": 0.9759036144578314, "recall": 0.9878048780487805, "f1": 0.9818181818181818}, "s043": {"false acceptance rate": 0.0, "false rejection rate": 0.0, "precision": 1.0, "recall": 1.0, "f1": 1.0}, "s042": {"false acceptance rate": 0.0, "false rejection rate": 0.0225, "precision": 1.0, "recall": 0.9473684210526315, "f1": 0.972972972972973}, "s008": {"false acceptance rate": 0.0125, "false rejection rate": 0.02, "precision": 0.9675324675324676, "recall": 0.9490445859872612, "f1": 0.9581993569131833}, "s047": {"false acceptance rate": 0.015, "false rejection rate": 0.025, "precision": 0.9605263157894737, "recall": 0.9358974358974359, "f1": 0.948051948051948}, "s046": {"false acceptance rate": 0.015, "false rejection rate": 0.01, "precision": 0.96, "recall": 0.972972972972973, "f1": 0.9664429530201343}, "s049": {"false acceptance rate": 0.0075, "false rejection rate": 0.0075, "precision": 0.98125, "recall": 0.98125, "f1": 0.98125}, "s029": {"false acceptance rate": 0.005, "false rejection rate": 0.015, "precision": 0.9869281045751634, "recall": 0.9617834394904459, "f1": 0.9741935483870968}, "s028": {"false acceptance rate": 0.0025, "false rejection rate": 0.0025, "precision": 0.9931506849315068, "recall": 0.9931506849315068, "f1": 0.9931506849315068}, "s027": {"false acceptance rate": 0.0025, "false rejection rate": 0.0125, "precision": 0.9937106918238994, "recall": 0.9693251533742331, "f1": 0.9813664596273292}, "s026": {"false acceptance rate": 0.01, "false rejection rate": 0.0275, "precision": 0.9764705882352941, "recall": 0.9378531073446328, "f1": 0.9567723342939481}, "s025": {"false acceptance rate": 0.01, "false rejection rate": 0.0, "precision": 0.9714285714285714, "recall": 1.0, "f1": 0.9855072463768115}, "s024": {"false acceptance rate": 0.0025, "false rejection rate": 0.0075, "precision": 0.9941176470588236, "recall": 0.9825581395348837, "f1": 0.9883040935672515}, "s022": {"false acceptance rate": 0.005, "false rejection rate": 0.0, "precision": 0.9879518072289156, "recall": 1.0, "f1": 0.993939393939394}, "s021": {"false acceptance rate": 0.0125, "false rejection rate": 0.0175, "precision": 0.9696969696969697, "recall": 0.9580838323353293, "f1": 0.963855421686747}, "s020": {"false acceptance rate": 0.0175, "false rejection rate": 0.0075, "precision": 0.954248366013072, "recall": 0.9798657718120806, "f1": 0.9668874172185431}, "s034": {"false acceptance rate": 0.005, "false rejection rate": 0.0175, "precision": 0.9878048780487805, "recall": 0.9585798816568047, "f1": 0.9729729729729729}, "s044": {"false acceptance rate": 0.0075, "false rejection rate": 0.01, "precision": 0.98125, "recall": 0.9751552795031055, "f1": 0.9781931464174455}, "s035": {"false acceptance rate": 0.0025, "false rejection rate": 0.0125, "precision": 0.9932432432432432, "recall": 0.9671052631578947, "f1": 0.98}, "s036": {"false acceptance rate": 0.0, "false rejection rate": 0.0, "precision": 1.0, "recall": 1.0, "f1": 1.0}}, "false acceptance rate mean": 0.007892156862745097,