{"subjects": {"s037": {"false acceptance rate": 0.025, "false rejection rate": 0.0275, "precision": 0.9401197604790419, "recall": 0.9345238095238095, "f1": 0.9373134328358208}, "s055": {"false acceptance rate": 0.005, "false rejection rate": 0.01, "precision": 0.9871794871794872, "recall": 0.9746835443037974, "f1": 0.980891719745223}, "s030": {"false acceptance rate": 0.0125, "false rejection rate": 0.025, "precision": 0.9707602339181286, "recall": 0.9431818181818182, "f1": 0.9567723342939481}, "s031": {"false acceptance rate": 0.02, "false rejection rate": 0.045, "precision": 0.9473684210526315, "recall": 0.8888888888888888, "f1": 0.9171974522292994}, "s048": {"false acceptance rate": 0.0175, "false rejection rate": 0.015, "precision": 0.951048951048951, "recall": 0.9577464788732394, "f1": 0.9543859649122808}, "s056": {"false acceptance rate": 0.0075, "false rejection rate": 0.02, "precision": 0.9803921568627451, "recall": 0.9493670886075949, "f1": 0.9646302250803858}, "s057": {"false acceptance rate": 0.0175, "false rejection rate": 0.025, "precision": 0.9580838323353293, "recall": 0.9411764705882353, "f1": 0.9495548961424332}, "s054": {"false acceptance rate": 0.01, "false rejection rate": 0.0275, "precision": 0.9738562091503268, "recall": 0.93125, "f1": 0.952076677316294}, "s033": {"false acceptance rate": 0.0125, "false rejection rate": 0.0025, "precision": 0.9700598802395209, "recall": 0.9938650306748467, "f1": 0.9818181818181819}, "s052": {"false acceptance rate": 0.0, "false rejection rate": 0.005, "precision": 1.0, "recall": 0.9870967741935484, "f1": 0.9935064935064934}, "s053": {"false acceptance rate": 0.0, "false rejection rate": 0.0075, "precision": 1.0, "recall": 0.9821428571428571, "f1": 0.9909909909909909}, "s050": {"false acceptance rate": 0.005, "false rejection rate": 0.0175, "precision": 0.9880952380952381, "recall": 0.9595375722543352, "f1": 0.9736070381231672}, "s018": {"false acceptance rate": 0.005, "false rejection rate": 0.0275, "precision": 0.9887640449438202, "recall": 0.9411764705882353, "f1": 0.9643835616438355}, "s019": {"false acceptance rate": 0.0, "false rejection rate": 0.015, "precision": 1.0, "recall": 0.9644970414201184, "f1": 0.9819277108433735}, "s038": {"false acceptance rate": 0.005, "false rejection rate": 0.0125, "precision": 0.9871794871794872, "recall": 0.9685534591194969, "f1": 0.9777777777777779}, "s039": {"false acceptance rate": 0.01, "false rejection rate": 0.025, "precision": 0.976878612716763, "recall": 0.9441340782122905, "f1": 0.9602272727272726}, "s012": {"false acceptance rate": 0.0025, "false rejection rate": 0.015, "precision": 0.9936305732484076, "recall": 0.9629629629629629, "f1": 0.9780564263322883}, "s013": {"false acceptance rate": 0.0175, "false rejection rate": 0.0175, "precision": 0.9595375722543352, "recall": 0.9595375722543352, "f1": 0.9595375722543352}, "s010": {"false acceptance rate": 0.0025, "false rejection rate": 0.01, "precision": 0.9939759036144579, "recall": 0.9763313609467456, "f1": 0.9850746268656716}, "s011": {"false acceptance rate": 0.0025, "false rejection rate": 0.0225, "precision": 0.9941860465116279, "recall": 0.95, "f1": 0.9715909090909091}, "s016": {"false acceptance rate": 0.0175, "false rejection rate": 0.0025, "precision": 0.9533333333333334, "recall": 0.9930555555555556, "f1": 0.9727891156462586}, "s017": {"false acceptance rate": 0.005, "false rejection rate": 0.01, "precision": 0.9867549668874173, "recall": 0.9738562091503268, "f1": 0.9802631578947368}, "s032": {"false acceptance rate": 0.0275, "false rejection rate": 0.0225, "precision": 0.93125, "recall": 0.9430379746835443, "f1": 0.9371069182389938}, "s015": {"false acceptance rate": 0.0075, "false rejection rate": 0.0175, "precision": 0.9817073170731707, "recall": 0.9583333333333334, "f1": 0.9698795180722892}, "s051": {"false acceptance rate": 0.03, "false rejection rate": 0.0175, "precision": 0.9245283018867925, "recall": 0.9545454545454546, "f1": 0.939297124600639}, "s005": {"false acceptance rate": 0.01, "false rejection rate": 0.015, "precision": 0.9745222929936306, "recall": 0.9622641509433962, "f1": 0.9683544303797469}, "s004": {"false acceptance rate": 0.0075, "false rejection rate": 0.0225, "precision": 0.9808917197452229, "recall": 0.9447852760736196, "f1": 0.9625}, "s007": {"false acceptance rate": 0.0025, "false rejection rate": 0.0075, "precision": 0.9936305732484076, "recall": 0.9811320754716981, "f1": 0.9873417721518988}, "s003": {"false acceptance rate": 0.01, "false rejection rate": 0.0175, "precision": 0.9759036144578314, "recall": 0.9585798816568047, "f1": 0.9671641791044776}, "s002": {"false acceptance rate": 0.0375, "false rejection rate": 0.0375, "precision": 0.896551724137931, "recall": 0.896551724137931, "f1": 0.896551724137931}, "s041": {"false acceptance rate": 0.005, "false rejection rate": 0.005, "precision": 0.9882352941176471, "recall": 0.9882352941176471, "f1": 0.9882352941176471}, "s040": {"false acceptance rate": 0.0175, "false rejection rate": 0.005, "precision": 0.9578313253012049, "recall": 0.9875776397515528, "f1": 0.9724770642201834}, "s043": {"false acceptance rate": 0.0, "false rejection rate": 0.0, "precision": 1.0, "recall": 1.0, "f1": 1.0}, "s042": {"false acceptance rate": 0.005, "false rejection rate": 0.025, "precision": 0.9876543209876543, "recall": 0.9411764705882353, "f1": 0.963855421686747}, "s008": {"false acceptance rate": 0.01, "false rejection rate": 0.015, "precision": 0.974025974025974, "recall": 0.9615384615384616, "f1": 0.967741935483871}, "s047": {"false acceptance rate": 0.03, "false rejection rate": 0.02, "precision": 0.9210526315789473, "recall": 0.9459459459459459, "f1": 0.9333333333333332}, "s046": {"false acceptance rate": 0.0225, "false rejection rate": 0.0125, "precision": 0.94, "recall": 0.9657534246575342, "f1": 0.9527027027027025}, "s049": {"false acceptance rate": 0.015, "false rejection rate": 0.005, "precision": 0.9625, "recall": 0.9871794871794872, "f1": 0.9746835443037976}, "s029": {"false acceptance rate": 0.0075, "false rejection rate": 0.015, "precision": 0.9803921568627451, "recall": 0.9615384615384616, "f1": 0.970873786407767}, "s028": {"false acceptance rate": 0.02, "false rejection rate": 0.005, "precision": 0.9452054794520548, "recall": 0.9857142857142858, "f1": 0.9650349650349651}, "s027": {"false acceptance rate": 0.0075, "false rejection rate": 0.015, "precision": 0.9811320754716981, "recall": 0.9629629629629629, "f1": 0.9719626168224299}, "s026": {"false acceptance rate": 0.015, "false rejection rate": 0.025, "precision": 0.9647058823529412, "recall": 0.9425287356321839, "f1": 0.9534883720930232}, "s025": {"false acceptance rate": 0.02, "false rejection rate": 0.0, "precision": 0.9428571428571428, "recall": 1.0, "f1": 0.9705882352941176}, "s024": {"false acceptance rate": 0.005, "false rejection rate": 0.01, "precision": 0.9882352941176471, "recall": 0.9767441860465116, "f1": 0.9824561403508771}, "s022": {"false acceptance rate": 0.005, "false rejection rate": 0.0, "precision": 0.9879518072289156, "recall": 1.0, "f1": 0.993939393939394}, "s021": {"false acceptance rate": 0.0175, "false rejection rate": 0.0175, "precision": 0.9575757575757575, "recall": 0.9575757575757575, "f1": 0.9575757575757575}, "s020": {"false acceptance rate": 0.01, "false rejection rate": 0.0125, "precision": 0.9738562091503268, "recall": 0.9675324675324676, "f1": 0.970684039087948}, "s034": {"false acceptance rate": 0.005, "false rejection rate": 0.025, "precision": 0.9878048780487805, "recall": 0.9418604651162791, "f1": 0.9642857142857143}, "s044": {"false acceptance rate": 0.025, "false rejection rate": 0.01, "precision": 0.9375, "recall": 0.974025974025974, "f1": 0.9554140127388535}, "s035": {"false acceptance rate": 0.0075, "false rejection rate": 0.0175, "precision": 0.9797297297297297, "recall": 0.9539473684210527, "f1": 0.9666666666666666}, "s036": {"false acceptance rate": 0.0025, "false rejection rate": 0.0025,