{"subjects": {"s037": {"miss rate": 0.024444444444444446, "false alarm rate": 0.04888888888888889, "percision": 0.9414893617021277, "recall": 0.8894472361809045, "accuracy": 0.9266666666666666}, "s055": {"miss rate": 0.0044444444444444444, "false alarm rate": 0.013333333333333334, "percision": 0.9895833333333334, "recall": 0.9693877551020408, "accuracy": 0.9822222222222222}, "s030": {"miss rate": 0.006666666666666667, "false alarm rate": 0.03333333333333333, "percision": 0.9850746268656716, "recall": 0.9295774647887324, "accuracy": 0.96}, "s031": {"miss rate": 0.02, "false alarm rate": 0.10222222222222223, "percision": 0.9577464788732394, "recall": 0.816, "accuracy": 0.8777777777777778}, "s048": {"miss rate": 0.011111111111111112, "false alarm rate": 0.03333333333333333, "percision": 0.9752475247524752, "recall": 0.9292452830188679, "accuracy": 0.9555555555555556}, "s056": {"miss rate": 0.017777777777777778, "false alarm rate": 0.017777777777777778, "percision": 0.9620853080568721, "recall": 0.9620853080568721, "accuracy": 0.9644444444444444}, "s057": {"miss rate": 0.0044444444444444444, "false alarm rate": 0.022222222222222223, "percision": 0.9901477832512315, "recall": 0.95260663507109, "accuracy": 0.9733333333333334}, "s054": {"miss rate": 0.02666666666666667, "false alarm rate": 0.022222222222222223, "percision": 0.9408866995073891, "recall": 0.9502487562189055, "accuracy": 0.9511111111111111}, "s033": {"miss rate": 0.011111111111111112, "false alarm rate": 0.0044444444444444444, "percision": 0.9742268041237113, "recall": 0.9895287958115183, "accuracy": 0.9844444444444445}, "s052": {"miss rate": 0.0, "false alarm rate": 0.006666666666666667, "percision": 1.0, "recall": 0.9857142857142858, "accuracy": 0.9933333333333333}, "s053": {"miss rate": 0.0, "false alarm rate": 0.013333333333333334, "percision": 1.0, "recall": 0.9707317073170731, "accuracy": 0.9866666666666667}, "s050": {"miss rate": 0.0044444444444444444, "false alarm rate": 0.04888888888888889, "percision": 0.9900990099009901, "recall": 0.9009009009009009, "accuracy": 0.9466666666666667}, "s018": {"miss rate": 0.0, "false alarm rate": 0.024444444444444446, "percision": 1.0, "recall": 0.9473684210526315, "accuracy": 0.9755555555555555}, "s019": {"miss rate": 0.011111111111111112, "false alarm rate": 0.011111111111111112, "percision": 0.9754901960784313, "recall": 0.9754901960784313, "accuracy": 0.9777777777777777}, "s038": {"miss rate": 0.006666666666666667, "false alarm rate": 0.03111111111111111, "percision": 0.9848484848484849, "recall": 0.9330143540669856, "accuracy": 0.9622222222222222}, "s039": {"miss rate": 0.0022222222222222222, "false alarm rate": 0.022222222222222223, "percision": 0.9947916666666666, "recall": 0.9502487562189055, "accuracy": 0.9755555555555555}, "s012": {"miss rate": 0.0022222222222222222, "false alarm rate": 0.017777777777777778, "percision": 0.9952380952380953, "recall": 0.9631336405529954, "accuracy": 0.98}, "s013": {"miss rate": 0.013333333333333334, "false alarm rate": 0.0044444444444444444, "percision": 0.9689119170984456, "recall": 0.9894179894179894, "accuracy": 0.9822222222222222}, "s010": {"miss rate": 0.0022222222222222222, "false alarm rate": 0.02, "percision": 0.9948717948717949, "recall": 0.9556650246305419, "accuracy": 0.9777777777777777}, "s011": {"miss rate": 0.006666666666666667, "false alarm rate": 0.02666666666666667, "percision": 0.9852216748768473, "recall": 0.9433962264150944, "accuracy": 0.9666666666666667}, "s016": {"miss rate": 0.008888888888888889, "false alarm rate": 0.03777777777777778, "percision": 0.98, "recall": 0.92018779342723, "accuracy": 0.9533333333333334}, "s017": {"miss rate": 0.0044444444444444444, "false alarm rate": 0.006666666666666667, "percision": 0.9901477832512315, "recall": 0.9852941176470589, "accuracy": 0.9888888888888889}, "s032": {"miss rate": 0.03777777777777778, "false alarm rate": 0.03777777777777778, "percision": 0.9132653061224489, "recall": 0.9132653061224489, "accuracy": 0.9244444444444444}, "s015": {"miss rate": 0.011111111111111112, "false alarm rate": 0.02666666666666667, "percision": 0.9736842105263158, "recall": 0.9390862944162437, "accuracy": 0.9622222222222222}, "s051": {"miss rate": 0.0044444444444444444, "false alarm rate": 0.02666666666666667, "percision": 0.9899497487437185, "recall": 0.9425837320574163, "accuracy": 0.9688888888888889}, "s005": {"miss rate": 0.008888888888888889, "false alarm rate": 0.03333333333333333, "percision": 0.9800995024875622, "recall": 0.9292452830188679, "accuracy": 0.9577777777777777}, "s004": {"miss rate": 0.0, "false alarm rate": 0.03777777777777778, "percision": 1.0, "recall": 0.9182692307692307, "accuracy": 0.9622222222222222}, "s007": {"miss rate": 0.0, "false alarm rate": 0.028888888888888888, "percision": 1.0, "recall": 0.9389671361502347, "accuracy": 0.9711111111111111}, "s003": {"miss rate": 0.0022222222222222222, "false alarm rate": 0.022222222222222223, "percision": 0.9952153110047847, "recall": 0.9541284403669725, "accuracy": 0.9755555555555555}, "s002": {"miss rate": 0.05333333333333334, "false alarm rate": 0.044444444444444446, "percision": 0.8787878787878788, "recall": 0.8969072164948454, "accuracy": 0.9022222222222223}, "s041": {"miss rate": 0.0022222222222222222, "false alarm rate": 0.013333333333333334, "percision": 0.9949494949494949, "recall": 0.9704433497536946, "accuracy": 0.9844444444444445}, "s040": {"miss rate": 0.008888888888888889, "false alarm rate": 0.024444444444444446, "percision": 0.9808612440191388, "recall": 0.9490740740740741, "accuracy": 0.9666666666666667}, "s043": {"miss rate": 0.0, "false alarm rate": 0.008888888888888889, "percision": 1.0, "recall": 0.9807692307692307, "accuracy": 0.9911111111111112}, "s042": {"miss rate": 0.0044444444444444444, "false alarm rate": 0.024444444444444446, "percision": 0.9904761904761905, "recall": 0.9497716894977168, "accuracy": 0.9711111111111111}, "s008": {"miss rate": 0.024444444444444446, "false alarm rate": 0.035555555555555556, "percision": 0.9444444444444444, "recall": 0.9211822660098522, "accuracy": 0.94}, "s047": {"miss rate": 0.008888888888888889, "false alarm rate": 0.07111111111111111, "percision": 0.9813084112149533, "recall": 0.8677685950413223, "accuracy": 0.92}, "s046": {"miss rate": 0.02, "false alarm rate": 0.022222222222222223, "percision": 0.9547738693467337, "recall": 0.95, "accuracy": 0.9577777777777777}, "s049": {"miss rate": 0.008888888888888889, "false alarm rate": 0.013333333333333334, "percision": 0.9805825242718447, "recall": 0.9711538461538461, "accuracy": 0.9777777777777777}, "s029": {"miss rate": 0.0044444444444444444, "false alarm rate": 0.013333333333333334, "percision": 0.9905660377358491, "recall": 0.9722222222222222, "accuracy": 0.9822222222222222}, "s028": {"miss rate": 0.008888888888888889, "false alarm rate": 0.0044444444444444444, "percision": 0.98, "recall": 0.98989898989899, "accuracy": 0.9866666666666667}, "s027": {"miss rate": 0.008888888888888889, "false alarm rate": 0.02, "percision": 0.9792746113989638, "recall": 0.9545454545454546, "accuracy": 0.9711111111111111}, "s026": {"miss rate": 0.02666666666666667, "false alarm rate": 0.03333333333333333, "percision": 0.9405940594059405, "recall": 0.926829268292683, "accuracy": 0.94}, "s025": {"miss rate": 0.011111111111111112, "false alarm rate": 0.024444444444444446, "percision": 0.9765258215962441, "recall": 0.9497716894977168, "accuracy": 0.9644444444444444}, "s024": {"miss rate": 0.0044444444444444444, "false alarm rate": 0.017777777777777778, "percision": 0.9900497512437811, "recall": 0.961352657004831, "accuracy": 0.9777777777777777}, "s022": {"miss rate": 0.0044444444444444444, "false alarm rate": 0.006666666666666667, "percision": 0.9902912621359223, "recall": 0.9855072463768116, "accuracy": 0.9888888888888889}, "s021": {"miss rate": 0.022222222222222223, "false alarm rate": 0.04888888888888889, "percision": 0.9507389162561576, "recall": 0.8976744186046511, "accuracy": 0.9288888888888889},