{"miss rate mean": 0.009847494553376905, "miss rate SD": 0.010425513850100692, "false alarm rate mean": 0.02701525054466231, "false alarm rate SD": 0.01812499994885224, "accuracy mean": 0.9631372549019608, "accuracy SD": 0.0238009028533146}