{"miss rate mean": 0.02047930283224401, "miss rate SD": 0.015239958977867913, "false alarm rate mean": 0.03350762527233116, "false alarm rate SD": 0.02150855391476185, "accuracy mean": 0.9460130718954247, "accuracy SD": 0.02987683623693851}