{"subjects": {"s037": {"miss rate": 0.035555555555555556, "false alarm rate": 0.02666666666666667, "percision": 0.9148936170212766, "recall": 0.9347826086956522, "accuracy": 0.9377777777777778}, "s055": {"miss rate": 0.006666666666666667, "false alarm rate": 0.011111111111111112, "percision": 0.984375, "recall": 0.9742268041237113, "accuracy": 0.9822222222222222}, "s030": {"miss rate": 0.011111111111111112, "false alarm rate": 0.017777777777777778, "percision": 0.9751243781094527, "recall": 0.9607843137254902, "accuracy": 0.9711111111111111}, "s031": {"miss rate": 0.05333333333333334, "false alarm rate": 0.07555555555555556, "percision": 0.8873239436619719, "recall": 0.8475336322869955, "accuracy": 0.8711111111111111}, "s048": {"miss rate": 0.024444444444444446, "false alarm rate": 0.022222222222222223, "percision": 0.9455445544554455, "recall": 0.9502487562189055, "accuracy": 0.9533333333333334}, "s056": {"miss rate": 0.02666666666666667, "false alarm rate": 0.013333333333333334, "percision": 0.943127962085308, "recall": 0.9707317073170731, "accuracy": 0.96}, "s057": {"miss rate": 0.017777777777777778, "false alarm rate": 0.015555555555555555, "percision": 0.9605911330049262, "recall": 0.9653465346534653, "accuracy": 0.9666666666666667}, "s054": {"miss rate": 0.042222222222222223, "false alarm rate": 0.017777777777777778, "percision": 0.9064039408866995, "recall": 0.9583333333333334, "accuracy": 0.94}, "s033": {"miss rate": 0.022222222222222223, "false alarm rate": 0.0, "percision": 0.9484536082474226, "recall": 1.0, "accuracy": 0.9777777777777777}, "s052": {"miss rate": 0.0, "false alarm rate": 0.011111111111111112, "percision": 1.0, "recall": 0.9764150943396226, "accuracy": 0.9888888888888889}, "s053": {"miss rate": 0.0, "false alarm rate": 0.013333333333333334, "percision": 1.0, "recall": 0.9707317073170731, "accuracy": 0.9866666666666667}, "s050": {"miss rate": 0.013333333333333334, "false alarm rate": 0.03777777777777778, "percision": 0.9702970297029703, "recall": 0.92018779342723, "accuracy": 0.9488888888888889}, "s018": {"miss rate": 0.02, "false alarm rate": 0.022222222222222223, "percision": 0.9545454545454546, "recall": 0.949748743718593, "accuracy": 0.9577777777777777}, "s019": {"miss rate": 0.022222222222222223, "false alarm rate": 0.008888888888888889, "percision": 0.9509803921568627, "recall": 0.9797979797979798, "accuracy": 0.9688888888888889}, "s038": {"miss rate": 0.028888888888888888, "false alarm rate": 0.028888888888888888, "percision": 0.9343434343434344, "recall": 0.9343434343434344, "accuracy": 0.9422222222222222}, "s039": {"miss rate": 0.017777777777777778, "false alarm rate": 0.02666666666666667, "percision": 0.9583333333333334, "recall": 0.9387755102040817, "accuracy": 0.9555555555555556}, "s012": {"miss rate": 0.0044444444444444444, "false alarm rate": 0.006666666666666667, "percision": 0.9904761904761905, "recall": 0.985781990521327, "accuracy": 0.9888888888888889}, "s013": {"miss rate": 0.044444444444444446, "false alarm rate": 0.011111111111111112, "percision": 0.8963730569948186, "recall": 0.9719101123595506, "accuracy": 0.9444444444444444}, "s010": {"miss rate": 0.011111111111111112, "false alarm rate": 0.015555555555555555, "percision": 0.9743589743589743, "recall": 0.9644670050761421, "accuracy": 0.9733333333333334}, "s011": {"miss rate": 0.013333333333333334, "false alarm rate": 0.015555555555555555, "percision": 0.9704433497536946, "recall": 0.9656862745098039, "accuracy": 0.9711111111111111}, "s016": {"miss rate": 0.024444444444444446, "false alarm rate": 0.028888888888888888, "percision": 0.945, "recall": 0.9356435643564357, "accuracy": 0.9466666666666667}, "s017": {"miss rate": 0.006666666666666667, "false alarm rate": 0.008888888888888889, "percision": 0.9852216748768473, "recall": 0.9803921568627451, "accuracy": 0.9844444444444445}, "s032": {"miss rate": 0.05555555555555555, "false alarm rate": 0.03777777777777778, "percision": 0.8724489795918368, "recall": 0.9095744680851063, "accuracy": 0.9066666666666666}, "s015": {"miss rate": 0.022222222222222223, "false alarm rate": 0.017777777777777778, "percision": 0.9473684210526315, "recall": 0.9574468085106383, "accuracy": 0.96}, "s051": {"miss rate": 0.013333333333333334, "false alarm rate": 0.03111111111111111, "percision": 0.9698492462311558, "recall": 0.9323671497584541, "accuracy": 0.9555555555555556}, "s005": {"miss rate": 0.02666666666666667, "false alarm rate": 0.024444444444444446, "percision": 0.9402985074626866, "recall": 0.945, "accuracy": 0.9488888888888889}, "s004": {"miss rate": 0.015555555555555555, "false alarm rate": 0.03111111111111111, "percision": 0.9633507853403142, "recall": 0.9292929292929293, "accuracy": 0.9533333333333334}, "s007": {"miss rate": 0.02, "false alarm rate": 0.011111111111111112, "percision": 0.955, "recall": 0.9744897959183674, "accuracy": 0.9688888888888889}, "s003": {"miss rate": 0.013333333333333334, "false alarm rate": 0.02, "percision": 0.9712918660287081, "recall": 0.9575471698113207, "accuracy": 0.9666666666666667}, "s002": {"miss rate": 0.06444444444444444, "false alarm rate": 0.051111111111111114, "percision": 0.8535353535353535, "recall": 0.8802083333333334, "accuracy": 0.8844444444444445}, "s041": {"miss rate": 0.006666666666666667, "false alarm rate": 0.0044444444444444444, "percision": 0.9848484848484849, "recall": 0.9898477157360406, "accuracy": 0.9888888888888889}, "s040": {"miss rate": 0.022222222222222223, "false alarm rate": 0.015555555555555555, "percision": 0.9521531100478469, "recall": 0.9660194174757282, "accuracy": 0.9622222222222222}, "s043": {"miss rate": 0.0044444444444444444, "false alarm rate": 0.006666666666666667, "percision": 0.9901960784313726, "recall": 0.9853658536585366, "accuracy": 0.9888888888888889}, "s042": {"miss rate": 0.015555555555555555, "false alarm rate": 0.02, "percision": 0.9666666666666667, "recall": 0.9575471698113207, "accuracy": 0.9644444444444444}, "s008": {"miss rate": 0.028888888888888888, "false alarm rate": 0.03111111111111111, "percision": 0.9343434343434344, "recall": 0.9296482412060302, "accuracy": 0.94}, "s047": {"miss rate": 0.02, "false alarm rate": 0.057777777777777775, "percision": 0.9579439252336449, "recall": 0.8874458874458875, "accuracy": 0.9222222222222223}, "s046": {"miss rate": 0.04666666666666667, "false alarm rate": 0.024444444444444446, "percision": 0.8944723618090452, "recall": 0.9417989417989417, "accuracy": 0.9288888888888889}, "s049": {"miss rate": 0.022222222222222223, "false alarm rate": 0.015555555555555555, "percision": 0.9514563106796117, "recall": 0.9655172413793104, "accuracy": 0.9622222222222222}, "s029": {"miss rate": 0.008888888888888889, "false alarm rate": 0.017777777777777778, "percision": 0.9811320754716981, "recall": 0.9629629629629629, "accuracy": 0.9733333333333334}, "s028": {"miss rate": 0.015555555555555555, "false alarm rate": 0.0044444444444444444, "percision": 0.965, "recall": 0.9897435897435898, "accuracy": 0.98}, "s027": {"miss rate": 0.028888888888888888, "false alarm rate": 0.015555555555555555, "percision": 0.9326424870466321, "recall": 0.9625668449197861, "accuracy": 0.9555555555555556}, "s026": {"miss rate": 0.05555555555555555, "false alarm rate": 0.024444444444444446, "percision": 0.8762376237623762, "recall": 0.9414893617021277, "accuracy": 0.92}, "s025": {"miss rate": 0.02, "false alarm rate": 0.013333333333333334, "percision": 0.9577464788732394, "recall": 0.9714285714285714, "accuracy": 0.9666666666666667}, "s024": {"miss rate": 0.02666666666666667, "false alarm rate": 0.017777777777777778, "percision": 0.9402985074626866, "recall": 0.9593908629441624, "accuracy": 0.9555555555555556}, "s022": {"miss rate": 0.011111111111111112, "false alarm rate": 0.008888888888888889, "percision": 0.9757281553398058, "recall": 0.9804878048780488, "accuracy": 0.98}, "s021": {"miss rate": 0.035555555555555556, "false alarm rate": 0.035555555555555556, "percision": 0.9211822660098522, "recall": 0.9211822660098522,