{"subjects": {"s037": {"miss rate": 0.024444444444444446, "false alarm rate": 0.04888888888888889, "percision": 0.9414893617021277, "recall": 0.8894472361809045, "accuracy": 0.9266666666666666}, "s055": {"miss rate": 0.0044444444444444444, "false alarm rate": 0.008888888888888889, "percision": 0.9895833333333334, "recall": 0.979381443298969, "accuracy": 0.9866666666666667}, "s030": {"miss rate": 0.011111111111111112, "false alarm rate": 0.02666666666666667, "percision": 0.9751243781094527, "recall": 0.9423076923076923, "accuracy": 0.9622222222222222}, "s031": {"miss rate": 0.022222222222222223, "false alarm rate": 0.09111111111111111, "percision": 0.9530516431924883, "recall": 0.8319672131147541, "accuracy": 0.8866666666666667}, "s048": {"miss rate": 0.015555555555555555, "false alarm rate": 0.04, "percision": 0.9653465346534653, "recall": 0.9154929577464789, "accuracy": 0.9444444444444444}, "s056": {"miss rate": 0.015555555555555555, "false alarm rate": 0.015555555555555555, "percision": 0.966824644549763, "recall": 0.966824644549763, "accuracy": 0.9688888888888889}, "s057": {"miss rate": 0.0022222222222222222, "false alarm rate": 0.022222222222222223, "percision": 0.9950738916256158, "recall": 0.9528301886792453, "accuracy": 0.9755555555555555}, "s054": {"miss rate": 0.022222222222222223, "false alarm rate": 0.022222222222222223, "percision": 0.9507389162561576, "recall": 0.9507389162561576, "accuracy": 0.9555555555555556}, "s033": {"miss rate": 0.013333333333333334, "false alarm rate": 0.0044444444444444444, "percision": 0.9690721649484536, "recall": 0.9894736842105263, "accuracy": 0.9822222222222222}, "s052": {"miss rate": 0.0, "false alarm rate": 0.006666666666666667, "percision": 1.0, "recall": 0.9857142857142858, "accuracy": 0.9933333333333333}, "s053": {"miss rate": 0.0, "false alarm rate": 0.011111111111111112, "percision": 1.0, "recall": 0.9754901960784313, "accuracy": 0.9888888888888889}, "s050": {"miss rate": 0.0044444444444444444, "false alarm rate": 0.05333333333333334, "percision": 0.9900990099009901, "recall": 0.8928571428571429, "accuracy": 0.9422222222222222}, "s018": {"miss rate": 0.0, "false alarm rate": 0.024444444444444446, "percision": 1.0, "recall": 0.9473684210526315, "accuracy": 0.9755555555555555}, "s019": {"miss rate": 0.006666666666666667, "false alarm rate": 0.015555555555555555, "percision": 0.9852941176470589, "recall": 0.9663461538461539, "accuracy": 0.9777777777777777}, "s038": {"miss rate": 0.011111111111111112, "false alarm rate": 0.028888888888888888, "percision": 0.9747474747474747, "recall": 0.9368932038834952, "accuracy": 0.96}, "s039": {"miss rate": 0.0022222222222222222, "false alarm rate": 0.024444444444444446, "percision": 0.9947916666666666, "recall": 0.9455445544554455, "accuracy": 0.9733333333333334}, "s012": {"miss rate": 0.0022222222222222222, "false alarm rate": 0.017777777777777778, "percision": 0.9952380952380953, "recall": 0.9631336405529954, "accuracy": 0.98}, "s013": {"miss rate": 0.024444444444444446, "false alarm rate": 0.006666666666666667, "percision": 0.9430051813471503, "recall": 0.9837837837837838, "accuracy": 0.9688888888888889}, "s010": {"miss rate": 0.0022222222222222222, "false alarm rate": 0.017777777777777778, "percision": 0.9948717948717949, "recall": 0.9603960396039604, "accuracy": 0.98}, "s011": {"miss rate": 0.0044444444444444444, "false alarm rate": 0.02666666666666667, "percision": 0.9901477832512315, "recall": 0.9436619718309859, "accuracy": 0.9688888888888889}, "s016": {"miss rate": 0.008888888888888889, "false alarm rate": 0.024444444444444446, "percision": 0.98, "recall": 0.9468599033816425, "accuracy": 0.9666666666666667}, "s017": {"miss rate": 0.0044444444444444444, "false alarm rate": 0.008888888888888889, "percision": 0.9901477832512315, "recall": 0.9804878048780488, "accuracy": 0.9866666666666667}, "s032": {"miss rate": 0.03333333333333333, "false alarm rate": 0.044444444444444446, "percision": 0.923469387755102, "recall": 0.900497512437811, "accuracy": 0.9222222222222223}, "s015": {"miss rate": 0.013333333333333334, "false alarm rate": 0.022222222222222223, "percision": 0.968421052631579, "recall": 0.9484536082474226, "accuracy": 0.9644444444444444}, "s051": {"miss rate": 0.006666666666666667, "false alarm rate": 0.02666666666666667, "percision": 0.9849246231155779, "recall": 0.9423076923076923, "accuracy": 0.9666666666666667}, "s005": {"miss rate": 0.008888888888888889, "false alarm rate": 0.03111111111111111, "percision": 0.9800995024875622, "recall": 0.933649289099526, "accuracy": 0.96}, "s004": {"miss rate": 0.0, "false alarm rate": 0.03333333333333333, "percision": 1.0, "recall": 0.9271844660194175, "accuracy": 0.9666666666666667}, "s007": {"miss rate": 0.0, "false alarm rate": 0.03333333333333333, "percision": 1.0, "recall": 0.9302325581395349, "accuracy": 0.9666666666666667}, "s003": {"miss rate": 0.0022222222222222222, "false alarm rate": 0.024444444444444446, "percision": 0.9952153110047847, "recall": 0.9497716894977168, "accuracy": 0.9733333333333334}, "s002": {"miss rate": 0.04666666666666667, "false alarm rate": 0.04666666666666667, "percision": 0.8939393939393939, "recall": 0.8939393939393939, "accuracy": 0.9066666666666666}, "s041": {"miss rate": 0.0022222222222222222, "false alarm rate": 0.013333333333333334, "percision": 0.9949494949494949, "recall": 0.9704433497536946, "accuracy": 0.9844444444444445}, "s040": {"miss rate": 0.008888888888888889, "false alarm rate": 0.022222222222222223, "percision": 0.9808612440191388, "recall": 0.9534883720930233, "accuracy": 0.9688888888888889}, "s043": {"miss rate": 0.0044444444444444444, "false alarm rate": 0.008888888888888889, "percision": 0.9901960784313726, "recall": 0.9805825242718447, "accuracy": 0.9866666666666667}, "s042": {"miss rate": 0.0044444444444444444, "false alarm rate": 0.024444444444444446, "percision": 0.9904761904761905, "recall": 0.9497716894977168, "accuracy": 0.9711111111111111}, "s008": {"miss rate": 0.024444444444444446, "false alarm rate": 0.04, "percision": 0.9444444444444444, "recall": 0.9121951219512195, "accuracy": 0.9355555555555556}, "s047": {"miss rate": 0.006666666666666667, "false alarm rate": 0.06, "percision": 0.985981308411215, "recall": 0.8865546218487395, "accuracy": 0.9333333333333333}, "s046": {"miss rate": 0.017777777777777778, "false alarm rate": 0.024444444444444446, "percision": 0.9597989949748744, "recall": 0.9455445544554455, "accuracy": 0.9577777777777777}, "s049": {"miss rate": 0.011111111111111112, "false alarm rate": 0.013333333333333334, "percision": 0.9757281553398058, "recall": 0.9710144927536232, "accuracy": 0.9755555555555555}, "s029": {"miss rate": 0.0022222222222222222, "false alarm rate": 0.013333333333333334, "percision": 0.9952830188679245, "recall": 0.9723502304147466, "accuracy": 0.9844444444444445}, "s028": {"miss rate": 0.008888888888888889, "false alarm rate": 0.0044444444444444444, "percision": 0.98, "recall": 0.98989898989899, "accuracy": 0.9866666666666667}, "s027": {"miss rate": 0.008888888888888889, "false alarm rate": 0.022222222222222223, "percision": 0.9792746113989638, "recall": 0.949748743718593, "accuracy": 0.9688888888888889}, "s026": {"miss rate": 0.02666666666666667, "false alarm rate": 0.03777777777777778, "percision": 0.9405940594059405, "recall": 0.9178743961352657, "accuracy": 0.9355555555555556}, "s025": {"miss rate": 0.011111111111111112, "false alarm rate": 0.017777777777777778, "percision": 0.9765258215962441, "recall": 0.9629629629629629, "accuracy": 0.9711111111111111}, "s024": {"miss rate": 0.0022222222222222222, "false alarm rate": 0.024444444444444446, "percision": 0.9950248756218906, "recall": 0.9478672985781991, "accuracy": 0.9733333333333334}, "s022": {"miss rate": 0.008888888888888889, "false alarm rate": 0.013333333333333334, "percision": 0.9805825242718447, "recall": 0.9711538461538461, "accuracy": 0.9777777777777777}, "s021": {"miss rate": 0.02, "false alarm rate": 0.03777777777777778,