{"subjects": {"s037": {"false acceptance rate": 0.0275, "false rejection rate": 0.0275, "precision": 0.9341317365269461, "recall": 0.9341317365269461, "f1": 0.9341317365269461}, "s055": {"false acceptance rate": 0.005, "false rejection rate": 0.01, "precision": 0.9871794871794872, "recall": 0.9746835443037974, "f1": 0.980891719745223}, "s030": {"false acceptance rate": 0.0225, "false rejection rate": 0.0225, "precision": 0.9473684210526315, "recall": 0.9473684210526315, "f1": 0.9473684210526315}, "s031": {"false acceptance rate": 0.03, "false rejection rate": 0.0475, "precision": 0.9210526315789473, "recall": 0.8805031446540881, "f1": 0.9003215434083601}, "s048": {"false acceptance rate": 0.02, "false rejection rate": 0.015, "precision": 0.9440559440559441, "recall": 0.9574468085106383, "f1": 0.9507042253521127}, "s056": {"false acceptance rate": 0.0075, "false rejection rate": 0.02, "precision": 0.9803921568627451, "recall": 0.9493670886075949, "f1": 0.9646302250803858}, "s057": {"false acceptance rate": 0.015, "false rejection rate": 0.025, "precision": 0.9640718562874252, "recall": 0.9415204678362573, "f1": 0.9526627218934911}, "s054": {"false acceptance rate": 0.01, "false rejection rate": 0.03, "precision": 0.9738562091503268, "recall": 0.9254658385093167, "f1": 0.9490445859872612}, "s033": {"false acceptance rate": 0.0125, "false rejection rate": 0.0, "precision": 0.9700598802395209, "recall": 1.0, "f1": 0.9848024316109423}, "s052": {"false acceptance rate": 0.0, "false rejection rate": 0.005, "precision": 1.0, "recall": 0.9870967741935484, "f1": 0.9935064935064934}, "s053": {"false acceptance rate": 0.0, "false rejection rate": 0.0075, "precision": 1.0, "recall": 0.9821428571428571, "f1": 0.9909909909909909}, "s050": {"false acceptance rate": 0.0075, "false rejection rate": 0.0225, "precision": 0.9821428571428571, "recall": 0.9482758620689655, "f1": 0.9649122807017544}, "s018": {"false acceptance rate": 0.005, "false rejection rate": 0.0275, "precision": 0.9887640449438202, "recall": 0.9411764705882353, "f1": 0.9643835616438355}, "s019": {"false acceptance rate": 0.0, "false rejection rate": 0.0125, "precision": 1.0, "recall": 0.9702380952380952, "f1": 0.984894259818731}, "s038": {"false acceptance rate": 0.0075, "false rejection rate": 0.01, "precision": 0.9807692307692307, "recall": 0.9745222929936306, "f1": 0.9776357827476038}, "s039": {"false acceptance rate": 0.01, "false rejection rate": 0.0225, "precision": 0.976878612716763, "recall": 0.949438202247191, "f1": 0.9629629629629629}, "s012": {"false acceptance rate": 0.0025, "false rejection rate": 0.0075, "precision": 0.9936305732484076, "recall": 0.9811320754716981, "f1": 0.9873417721518988}, "s013": {"false acceptance rate": 0.0175, "false rejection rate": 0.0225, "precision": 0.9595375722543352, "recall": 0.9485714285714286, "f1": 0.9540229885057472}, "s010": {"false acceptance rate": 0.0025, "false rejection rate": 0.01, "precision": 0.9939759036144579, "recall": 0.9763313609467456, "f1": 0.9850746268656716}, "s011": {"false acceptance rate": 0.0, "false rejection rate": 0.0275, "precision": 1.0, "recall": 0.9398907103825137, "f1": 0.9690140845070422}, "s016": {"false acceptance rate": 0.0275, "false rejection rate": 0.0025, "precision": 0.9266666666666666, "recall": 0.9928571428571429, "f1": 0.9586206896551723}, "s017": {"false acceptance rate": 0.005, "false rejection rate": 0.01, "precision": 0.9867549668874173, "recall": 0.9738562091503268, "f1": 0.9802631578947368}, "s032": {"false acceptance rate": 0.0225, "false rejection rate": 0.0325, "precision": 0.94375, "recall": 0.9207317073170732, "f1": 0.9320987654320988}, "s015": {"false acceptance rate": 0.0075, "false rejection rate": 0.0175, "precision": 0.9817073170731707, "recall": 0.9583333333333334, "f1": 0.9698795180722892}, "s051": {"false acceptance rate": 0.025, "false rejection rate": 0.02, "precision": 0.9371069182389937, "recall": 0.9490445859872612, "f1": 0.9430379746835443}, "s005": {"false acceptance rate": 0.01, "false rejection rate": 0.0125, "precision": 0.9745222929936306, "recall": 0.9683544303797469, "f1": 0.9714285714285714}, "s004": {"false acceptance rate": 0.01, "false rejection rate": 0.0225, "precision": 0.9745222929936306, "recall": 0.9444444444444444, "f1": 0.9592476489028213}, "s007": {"false acceptance rate": 0.0025, "false rejection rate": 0.0075, "precision": 0.9936305732484076, "recall": 0.9811320754716981, "f1": 0.9873417721518988}, "s003": {"false acceptance rate": 0.0075, "false rejection rate": 0.015, "precision": 0.9819277108433735, "recall": 0.9644970414201184, "f1": 0.973134328358209}, "s002": {"false acceptance rate": 0.025, "false rejection rate": 0.035, "precision": 0.9310344827586207, "recall": 0.9060402684563759, "f1": 0.9183673469387755}, "s041": {"false acceptance rate": 0.0075, "false rejection rate": 0.0025, "precision": 0.9823529411764705, "recall": 0.9940476190476191, "f1": 0.9881656804733727}, "s040": {"false acceptance rate": 0.0175, "false rejection rate": 0.005, "precision": 0.9578313253012049, "recall": 0.9875776397515528, "f1": 0.9724770642201834}, "s043": {"false acceptance rate": 0.005, "false rejection rate": 0.0, "precision": 0.9880239520958084, "recall": 1.0, "f1": 0.9939759036144578}, "s042": {"false acceptance rate": 0.0, "false rejection rate": 0.025, "precision": 1.0, "recall": 0.9418604651162791, "f1": 0.970059880239521}, "s008": {"false acceptance rate": 0.01, "false rejection rate": 0.015, "precision": 0.974025974025974, "recall": 0.9615384615384616, "f1": 0.967741935483871}, "s047": {"false acceptance rate": 0.04, "false rejection rate": 0.02, "precision": 0.8947368421052632, "recall": 0.9444444444444444, "f1": 0.918918918918919}, "s046": {"false acceptance rate": 0.025, "false rejection rate": 0.015, "precision": 0.9333333333333333, "recall": 0.958904109589041, "f1": 0.9459459459459458}, "s049": {"false acceptance rate": 0.02, "false rejection rate": 0.0025, "precision": 0.95, "recall": 0.9934640522875817, "f1": 0.9712460063897763}, "s029": {"false acceptance rate": 0.0075, "false rejection rate": 0.0125, "precision": 0.9803921568627451, "recall": 0.967741935483871, "f1": 0.9740259740259739}, "s028": {"false acceptance rate": 0.0175, "false rejection rate": 0.005, "precision": 0.952054794520548, "recall": 0.9858156028368794, "f1": 0.9686411149825784}, "s027": {"false acceptance rate": 0.0075, "false rejection rate": 0.0175, "precision": 0.9811320754716981, "recall": 0.9570552147239264, "f1": 0.968944099378882}, "s026": {"false acceptance rate": 0.015, "false rejection rate": 0.0225, "precision": 0.9647058823529412, "recall": 0.9479768786127167, "f1": 0.9562682215743441}, "s025": {"false acceptance rate": 0.025, "false rejection rate": 0.005, "precision": 0.9285714285714286, "recall": 0.9848484848484849, "f1": 0.9558823529411765}, "s024": {"false acceptance rate": 0.005, "false rejection rate": 0.0075, "precision": 0.9882352941176471, "recall": 0.9824561403508771, "f1": 0.9853372434017595}, "s022": {"false acceptance rate": 0.01, "false rejection rate": 0.0, "precision": 0.9759036144578314, "recall": 1.0, "f1": 0.9878048780487805}, "s021": {"false acceptance rate": 0.015, "false rejection rate": 0.0175, "precision": 0.9636363636363636, "recall": 0.9578313253012049, "f1": 0.9607250755287009}, "s020": {"false acceptance rate": 0.01, "false rejection rate": 0.0125, "precision": 0.9738562091503268, "recall": 0.9675324675324676, "f1": 0.970684039087948}, "s034": {"false acceptance rate": 0.0075, "false rejection rate": 0.0175, "precision": 0.9817073170731707, "recall": 0.9583333333333334, "f1": 0.9698795180722892}, "s044": {"false acceptance rate": 0.0175, "false rejection rate": 0.0025, "precision": 0.95625, "recall": 0.9935064935064936, "f1": 0.9745222929936306}, "s035": {"false acceptance rate": 0.0025, "false rejection rate": 0.015, "precision": 0.9932432432432432, "recall": 0.9607843137254902, "f1": 0.9767441860465117}, "s036": {"false acceptance rate": 0.0,