{"miss rate mean": 0.022483660130718952, "miss rate SD": 0.014579705614220848, "false alarm rate mean": 0.0216557734204793, "false alarm rate SD": 0.014647264761631033, "accuracy mean": 0.9558605664488018, "accuracy SD": 0.02532583923035884}