{"miss rate mean": 0.010283224400871463, "miss rate SD": 0.009750812334816599, "false alarm rate mean": 0.026230936819172115, "false alarm rate SD": 0.016711020765545988, "accuracy mean": 0.9634858387799565, "accuracy SD": 0.02245307067760885}