{"miss rate mean": 0.029324618736383447, "miss rate SD": 0.02120558888181083, "false alarm rate mean": 0.04130718954248366, "false alarm rate SD": 0.02276537297835293, "accuracy mean": 0.929368191721133, "accuracy SD": 0.03620676448308539}