{"subjects": {"s037": {"miss rate": 0.035555555555555556, "false alarm rate": 0.02666666666666667, "percision": 0.9148936170212766, "recall": 0.9347826086956522, "accuracy": 0.9377777777777778}, "s055": {"miss rate": 0.006666666666666667, "false alarm rate": 0.015555555555555555, "percision": 0.984375, "recall": 0.9642857142857143, "accuracy": 0.9777777777777777}, "s030": {"miss rate": 0.006666666666666667, "false alarm rate": 0.024444444444444446, "percision": 0.9850746268656716, "recall": 0.9473684210526315, "accuracy": 0.9688888888888889}, "s031": {"miss rate": 0.051111111111111114, "false alarm rate": 0.1, "percision": 0.892018779342723, "recall": 0.8085106382978723, "accuracy": 0.8488888888888889}, "s048": {"miss rate": 0.02, "false alarm rate": 0.028888888888888888, "percision": 0.9554455445544554, "recall": 0.9368932038834952, "accuracy": 0.9511111111111111}, "s056": {"miss rate": 0.02, "false alarm rate": 0.015555555555555555, "percision": 0.957345971563981, "recall": 0.9665071770334929, "accuracy": 0.9644444444444444}, "s057": {"miss rate": 0.015555555555555555, "false alarm rate": 0.015555555555555555, "percision": 0.9655172413793104, "recall": 0.9655172413793104, "accuracy": 0.9688888888888889}, "s054": {"miss rate": 0.03333333333333333, "false alarm rate": 0.017777777777777778, "percision": 0.9261083743842364, "recall": 0.9591836734693877, "accuracy": 0.9488888888888889}, "s033": {"miss rate": 0.015555555555555555, "false alarm rate": 0.0, "percision": 0.9639175257731959, "recall": 1.0, "accuracy": 0.9844444444444445}, "s052": {"miss rate": 0.0, "false alarm rate": 0.011111111111111112, "percision": 1.0, "recall": 0.9764150943396226, "accuracy": 0.9888888888888889}, "s053": {"miss rate": 0.0, "false alarm rate": 0.015555555555555555, "percision": 1.0, "recall": 0.9660194174757282, "accuracy": 0.9844444444444445}, "s050": {"miss rate": 0.008888888888888889, "false alarm rate": 0.04666666666666667, "percision": 0.9801980198019802, "recall": 0.9041095890410958, "accuracy": 0.9444444444444444}, "s018": {"miss rate": 0.02, "false alarm rate": 0.022222222222222223, "percision": 0.9545454545454546, "recall": 0.949748743718593, "accuracy": 0.9577777777777777}, "s019": {"miss rate": 0.017777777777777778, "false alarm rate": 0.017777777777777778, "percision": 0.9607843137254902, "recall": 0.9607843137254902, "accuracy": 0.9644444444444444}, "s038": {"miss rate": 0.02, "false alarm rate": 0.03111111111111111, "percision": 0.9545454545454546, "recall": 0.9310344827586207, "accuracy": 0.9488888888888889}, "s039": {"miss rate": 0.017777777777777778, "false alarm rate": 0.028888888888888888, "percision": 0.9583333333333334, "recall": 0.934010152284264, "accuracy": 0.9533333333333334}, "s012": {"miss rate": 0.0044444444444444444, "false alarm rate": 0.006666666666666667, "percision": 0.9904761904761905, "recall": 0.985781990521327, "accuracy": 0.9888888888888889}, "s013": {"miss rate": 0.028888888888888888, "false alarm rate": 0.013333333333333334, "percision": 0.9326424870466321, "recall": 0.967741935483871, "accuracy": 0.9577777777777777}, "s010": {"miss rate": 0.011111111111111112, "false alarm rate": 0.013333333333333334, "percision": 0.9743589743589743, "recall": 0.9693877551020408, "accuracy": 0.9755555555555555}, "s011": {"miss rate": 0.011111111111111112, "false alarm rate": 0.015555555555555555, "percision": 0.9753694581280788, "recall": 0.9658536585365853, "accuracy": 0.9733333333333334}, "s016": {"miss rate": 0.015555555555555555, "false alarm rate": 0.03777777777777778, "percision": 0.965, "recall": 0.919047619047619, "accuracy": 0.9466666666666667}, "s017": {"miss rate": 0.006666666666666667, "false alarm rate": 0.011111111111111112, "percision": 0.9852216748768473, "recall": 0.975609756097561, "accuracy": 0.9822222222222222}, "s032": {"miss rate": 0.04666666666666667, "false alarm rate": 0.044444444444444446, "percision": 0.8928571428571429, "recall": 0.8974358974358975, "accuracy": 0.9088888888888889}, "s015": {"miss rate": 0.015555555555555555, "false alarm rate": 0.022222222222222223, "percision": 0.9631578947368421, "recall": 0.9481865284974094, "accuracy": 0.9622222222222222}, "s051": {"miss rate": 0.011111111111111112, "false alarm rate": 0.03111111111111111, "percision": 0.9748743718592965, "recall": 0.9326923076923077, "accuracy": 0.9577777777777777}, "s005": {"miss rate": 0.022222222222222223, "false alarm rate": 0.03111111111111111, "percision": 0.9502487562189055, "recall": 0.9317073170731708, "accuracy": 0.9466666666666667}, "s004": {"miss rate": 0.015555555555555555, "false alarm rate": 0.035555555555555556, "percision": 0.9633507853403142, "recall": 0.92, "accuracy": 0.9488888888888889}, "s007": {"miss rate": 0.02, "false alarm rate": 0.015555555555555555, "percision": 0.955, "recall": 0.9646464646464646, "accuracy": 0.9644444444444444}, "s003": {"miss rate": 0.013333333333333334, "false alarm rate": 0.017777777777777778, "percision": 0.9712918660287081, "recall": 0.9620853080568721, "accuracy": 0.9688888888888889}, "s002": {"miss rate": 0.057777777777777775, "false alarm rate": 0.05333333333333334, "percision": 0.8686868686868687, "recall": 0.8775510204081632, "accuracy": 0.8888888888888888}, "s041": {"miss rate": 0.006666666666666667, "false alarm rate": 0.0044444444444444444, "percision": 0.9848484848484849, "recall": 0.9898477157360406, "accuracy": 0.9888888888888889}, "s040": {"miss rate": 0.022222222222222223, "false alarm rate": 0.022222222222222223, "percision": 0.9521531100478469, "recall": 0.9521531100478469, "accuracy": 0.9555555555555556}, "s043": {"miss rate": 0.0, "false alarm rate": 0.011111111111111112, "percision": 1.0, "recall": 0.9760765550239234, "accuracy": 0.9888888888888889}, "s042": {"miss rate": 0.015555555555555555, "false alarm rate": 0.02, "percision": 0.9666666666666667, "recall": 0.9575471698113207, "accuracy": 0.9644444444444444}, "s008": {"miss rate": 0.028888888888888888, "false alarm rate": 0.035555555555555556, "percision": 0.9343434343434344, "recall": 0.9203980099502488, "accuracy": 0.9355555555555556}, "s047": {"miss rate": 0.017777777777777778, "false alarm rate": 0.06444444444444444, "percision": 0.9626168224299065, "recall": 0.8765957446808511, "accuracy": 0.9177777777777778}, "s046": {"miss rate": 0.044444444444444446, "false alarm rate": 0.022222222222222223, "percision": 0.8994974874371859, "recall": 0.9470899470899471, "accuracy": 0.9333333333333333}, "s049": {"miss rate": 0.02, "false alarm rate": 0.015555555555555555, "percision": 0.9563106796116505, "recall": 0.9656862745098039, "accuracy": 0.9644444444444444}, "s029": {"miss rate": 0.006666666666666667, "false alarm rate": 0.017777777777777778, "percision": 0.9858490566037735, "recall": 0.9631336405529954, "accuracy": 0.9755555555555555}, "s028": {"miss rate": 0.015555555555555555, "false alarm rate": 0.0044444444444444444, "percision": 0.965, "recall": 0.9897435897435898, "accuracy": 0.98}, "s027": {"miss rate": 0.028888888888888888, "false alarm rate": 0.017777777777777778, "percision": 0.9326424870466321, "recall": 0.9574468085106383, "accuracy": 0.9533333333333334}, "s026": {"miss rate": 0.042222222222222223, "false alarm rate": 0.03333333333333333, "percision": 0.905940594059406, "recall": 0.9242424242424242, "accuracy": 0.9244444444444444}, "s025": {"miss rate": 0.015555555555555555, "false alarm rate": 0.02, "percision": 0.9671361502347418, "recall": 0.958139534883721, "accuracy": 0.9644444444444444}, "s024": {"miss rate": 0.024444444444444446, "false alarm rate": 0.02, "percision": 0.945273631840796, "recall": 0.9547738693467337, "accuracy": 0.9555555555555556}, "s022": {"miss rate": 0.006666666666666667, "false alarm rate": 0.006666666666666667, "percision": 0.9854368932038835, "recall": 0.9854368932038835, "accuracy": 0.9866666666666667}, "s021": {"miss rate": 0.02, "false alarm rate": 0.051111111111111114, "percision": 0.9556650246305419, "recall": 0.8940092165898618, "accuracy": 0.9288888888888889},