{"miss rate mean": 0.018649237472766884, "miss rate SD": 0.012655833240367773, "false alarm rate mean": 0.025141612200435724, "false alarm rate SD": 0.017720442380371737, "accuracy mean": 0.9562091503267975, "accuracy SD": 0.0266204905858465}