{"subjects": {"s037": {"false acceptance rate": 0.0325, "false rejection rate": 0.0325, "precision": 0.9221556886227545, "recall": 0.9221556886227545, "f1": 0.9221556886227545}, "s055": {"false acceptance rate": 0.005, "false rejection rate": 0.0075, "precision": 0.9871794871794872, "recall": 0.9808917197452229, "f1": 0.9840255591054313}, "s030": {"false acceptance rate": 0.0175, "false rejection rate": 0.0225, "precision": 0.9590643274853801, "recall": 0.9479768786127167, "f1": 0.9534883720930233}, "s031": {"false acceptance rate": 0.0525, "false rejection rate": 0.055, "precision": 0.8618421052631579, "recall": 0.8562091503267973, "f1": 0.8590163934426228}, "s048": {"false acceptance rate": 0.02, "false rejection rate": 0.0225, "precision": 0.9440559440559441, "recall": 0.9375, "f1": 0.9407665505226481}, "s056": {"false acceptance rate": 0.015, "false rejection rate": 0.03, "precision": 0.9607843137254902, "recall": 0.9245283018867925, "f1": 0.9423076923076923}, "s057": {"false acceptance rate": 0.0175, "false rejection rate": 0.0275, "precision": 0.9580838323353293, "recall": 0.935672514619883, "f1": 0.9467455621301775}, "s054": {"false acceptance rate": 0.0325, "false rejection rate": 0.0275, "precision": 0.9150326797385621, "recall": 0.9271523178807947, "f1": 0.9210526315789473}, "s033": {"false acceptance rate": 0.015, "false rejection rate": 0.005, "precision": 0.9640718562874252, "recall": 0.9877300613496932, "f1": 0.9757575757575757}, "s052": {"false acceptance rate": 0.0025, "false rejection rate": 0.005, "precision": 0.9934640522875817, "recall": 0.987012987012987, "f1": 0.990228013029316}, "s053": {"false acceptance rate": 0.0025, "false rejection rate": 0.0075, "precision": 0.9939393939393939, "recall": 0.9820359281437125, "f1": 0.9879518072289156}, "s050": {"false acceptance rate": 0.015, "false rejection rate": 0.0225, "precision": 0.9642857142857143, "recall": 0.9473684210526315, "f1": 0.9557522123893805}, "s018": {"false acceptance rate": 0.0125, "false rejection rate": 0.03, "precision": 0.9719101123595506, "recall": 0.9351351351351351, "f1": 0.953168044077135}, "s019": {"false acceptance rate": 0.005, "false rejection rate": 0.0175, "precision": 0.9877300613496932, "recall": 0.9583333333333334, "f1": 0.972809667673716}, "s038": {"false acceptance rate": 0.0075, "false rejection rate": 0.0175, "precision": 0.9807692307692307, "recall": 0.95625, "f1": 0.9683544303797469}, "s039": {"false acceptance rate": 0.02, "false rejection rate": 0.02, "precision": 0.953757225433526, "recall": 0.953757225433526, "f1": 0.953757225433526}, "s012": {"false acceptance rate": 0.005, "false rejection rate": 0.0075, "precision": 0.9872611464968153, "recall": 0.9810126582278481, "f1": 0.9841269841269842}, "s013": {"false acceptance rate": 0.015, "false rejection rate": 0.025, "precision": 0.9653179190751445, "recall": 0.943502824858757, "f1": 0.9542857142857143}, "s010": {"false acceptance rate": 0.015, "false rejection rate": 0.015, "precision": 0.963855421686747, "recall": 0.963855421686747, "f1": 0.963855421686747}, "s011": {"false acceptance rate": 0.0075, "false rejection rate": 0.02, "precision": 0.9825581395348837, "recall": 0.9548022598870056, "f1": 0.9684813753581661}, "s016": {"false acceptance rate": 0.01, "false rejection rate": 0.0075, "precision": 0.9733333333333334, "recall": 0.9798657718120806, "f1": 0.9765886287625419}, "s017": {"false acceptance rate": 0.0075, "false rejection rate": 0.0125, "precision": 0.9801324503311258, "recall": 0.9673202614379085, "f1": 0.9736842105263158}, "s032": {"false acceptance rate": 0.0375, "false rejection rate": 0.04, "precision": 0.90625, "recall": 0.9006211180124224, "f1": 0.9034267912772586}, "s015": {"false acceptance rate": 0.0275, "false rejection rate": 0.0325, "precision": 0.9329268292682927, "recall": 0.9216867469879518, "f1": 0.9272727272727274}, "s051": {"false acceptance rate": 0.035, "false rejection rate": 0.02, "precision": 0.9119496855345912, "recall": 0.9477124183006536, "f1": 0.9294871794871795}, "s005": {"false acceptance rate": 0.02, "false rejection rate": 0.0225, "precision": 0.9490445859872612, "recall": 0.9430379746835443, "f1": 0.946031746031746}, "s004": {"false acceptance rate": 0.0175, "false rejection rate": 0.0225, "precision": 0.9554140127388535, "recall": 0.9433962264150944, "f1": 0.949367088607595}, "s007": {"false acceptance rate": 0.02, "false rejection rate": 0.0025, "precision": 0.9490445859872612, "recall": 0.9933333333333333, "f1": 0.9706840390879479}, "s003": {"false acceptance rate": 0.0125, "false rejection rate": 0.015, "precision": 0.9698795180722891, "recall": 0.9640718562874252, "f1": 0.966966966966967}, "s002": {"false acceptance rate": 0.035, "false rejection rate": 0.04, "precision": 0.903448275862069, "recall": 0.891156462585034, "f1": 0.8972602739726028}, "s041": {"false acceptance rate": 0.015, "false rejection rate": 0.0025, "precision": 0.9647058823529412, "recall": 0.9939393939393939, "f1": 0.9791044776119404}, "s040": {"false acceptance rate": 0.025, "false rejection rate": 0.015, "precision": 0.9397590361445783, "recall": 0.9629629629629629, "f1": 0.9512195121951219}, "s043": {"false acceptance rate": 0.0025, "false rejection rate": 0.0, "precision": 0.9940119760479041, "recall": 1.0, "f1": 0.996996996996997}, "s042": {"false acceptance rate": 0.005, "false rejection rate": 0.0275, "precision": 0.9876543209876543, "recall": 0.935672514619883, "f1": 0.9609609609609608}, "s008": {"false acceptance rate": 0.025, "false rejection rate": 0.015, "precision": 0.935064935064935, "recall": 0.96, "f1": 0.9473684210526316}, "s047": {"false acceptance rate": 0.03, "false rejection rate": 0.0225, "precision": 0.9210526315789473, "recall": 0.9395973154362416, "f1": 0.9302325581395349}, "s046": {"false acceptance rate": 0.04, "false rejection rate": 0.015, "precision": 0.8933333333333333, "recall": 0.9571428571428572, "f1": 0.9241379310344828}, "s049": {"false acceptance rate": 0.0275, "false rejection rate": 0.0075, "precision": 0.93125, "recall": 0.9802631578947368, "f1": 0.9551282051282052}, "s029": {"false acceptance rate": 0.0075, "false rejection rate": 0.015, "precision": 0.9803921568627451, "recall": 0.9615384615384616, "f1": 0.970873786407767}, "s028": {"false acceptance rate": 0.04, "false rejection rate": 0.005, "precision": 0.8904109589041096, "recall": 0.9848484848484849, "f1": 0.935251798561151}, "s027": {"false acceptance rate": 0.015, "false rejection rate": 0.0175, "precision": 0.9622641509433962, "recall": 0.95625, "f1": 0.9592476489028213}, "s026": {"false acceptance rate": 0.0275, "false rejection rate": 0.0275, "precision": 0.9352941176470588, "recall": 0.9352941176470588, "f1": 0.9352941176470588}, "s025": {"false acceptance rate": 0.025, "false rejection rate": 0.0075, "precision": 0.9285714285714286, "recall": 0.9774436090225563, "f1": 0.9523809523809524}, "s024": {"false acceptance rate": 0.0075, "false rejection rate": 0.01, "precision": 0.9823529411764705, "recall": 0.9766081871345029, "f1": 0.9794721407624634}, "s022": {"false acceptance rate": 0.0125, "false rejection rate": 0.01, "precision": 0.9698795180722891, "recall": 0.9757575757575757, "f1": 0.9728096676737159}, "s021": {"false acceptance rate": 0.03, "false rejection rate": 0.02, "precision": 0.9272727272727272, "recall": 0.9503105590062112, "f1": 0.9386503067484663}, "s020": {"false acceptance rate": 0.02, "false rejection rate": 0.025, "precision": 0.9477124183006536, "recall": 0.9354838709677419, "f1": 0.9415584415584415}, "s034": {"false acceptance rate": 0.005, "false rejection rate": 0.02, "precision": 0.9878048780487805, "recall": 0.9529411764705882, "f1": 0.9700598802395209}, "s044": {"false acceptance rate": 0.025, "false rejection rate": 0.01, "precision": 0.9375, "recall": 0.974025974025974, "f1": 0.9554140127388535}, "s035": {"false acceptance rate": 0.01, "false rejection rate": 0.01, "precision": 0.972972972972973, "recall": 0.972972972972973,