{"subjects": {"s037": {"miss rate": 0.042222222222222223, "false alarm rate": 0.057777777777777775, "percision": 0.898936170212766, "recall": 0.8666666666666667, "accuracy": 0.9}, "s055": {"miss rate": 0.006666666666666667, "false alarm rate": 0.006666666666666667, "percision": 0.984375, "recall": 0.984375, "accuracy": 0.9866666666666667}, "s030": {"miss rate": 0.03777777777777778, "false alarm rate": 0.024444444444444446, "percision": 0.9154228855721394, "recall": 0.9435897435897436, "accuracy": 0.9377777777777778}, "s031": {"miss rate": 0.08888888888888889, "false alarm rate": 0.06, "percision": 0.812206572769953, "recall": 0.865, "accuracy": 0.8511111111111112}, "s048": {"miss rate": 0.04888888888888889, "false alarm rate": 0.028888888888888888, "percision": 0.8910891089108911, "recall": 0.9326424870466321, "accuracy": 0.9222222222222223}, "s056": {"miss rate": 0.028888888888888888, "false alarm rate": 0.015555555555555555, "percision": 0.9383886255924171, "recall": 0.9658536585365853, "accuracy": 0.9555555555555556}, "s057": {"miss rate": 0.015555555555555555, "false alarm rate": 0.024444444444444446, "percision": 0.9655172413793104, "recall": 0.9468599033816425, "accuracy": 0.96}, "s054": {"miss rate": 0.04888888888888889, "false alarm rate": 0.02, "percision": 0.8916256157635468, "recall": 0.9526315789473684, "accuracy": 0.9311111111111111}, "s033": {"miss rate": 0.04666666666666667, "false alarm rate": 0.011111111111111112, "percision": 0.8917525773195877, "recall": 0.9719101123595506, "accuracy": 0.9422222222222222}, "s052": {"miss rate": 0.008888888888888889, "false alarm rate": 0.006666666666666667, "percision": 0.9806763285024155, "recall": 0.9854368932038835, "accuracy": 0.9844444444444445}, "s053": {"miss rate": 0.0, "false alarm rate": 0.006666666666666667, "percision": 1.0, "recall": 0.9851485148514851, "accuracy": 0.9933333333333333}, "s050": {"miss rate": 0.042222222222222223, "false alarm rate": 0.051111111111111114, "percision": 0.905940594059406, "recall": 0.8883495145631068, "accuracy": 0.9066666666666666}, "s018": {"miss rate": 0.0044444444444444444, "false alarm rate": 0.03111111111111111, "percision": 0.98989898989899, "recall": 0.9333333333333333, "accuracy": 0.9644444444444444}, "s019": {"miss rate": 0.042222222222222223, "false alarm rate": 0.0044444444444444444, "percision": 0.9068627450980392, "recall": 0.9893048128342246, "accuracy": 0.9533333333333334}, "s038": {"miss rate": 0.028888888888888888, "false alarm rate": 0.02666666666666667, "percision": 0.9343434343434344, "recall": 0.9390862944162437, "accuracy": 0.9444444444444444}, "s039": {"miss rate": 0.03333333333333333, "false alarm rate": 0.03111111111111111, "percision": 0.921875, "recall": 0.9267015706806283, "accuracy": 0.9355555555555556}, "s012": {"miss rate": 0.0044444444444444444, "false alarm rate": 0.022222222222222223, "percision": 0.9904761904761905, "recall": 0.9541284403669725, "accuracy": 0.9733333333333334}, "s013": {"miss rate": 0.03333333333333333, "false alarm rate": 0.0044444444444444444, "percision": 0.9222797927461139, "recall": 0.9888888888888889, "accuracy": 0.9622222222222222}, "s010": {"miss rate": 0.0022222222222222222, "false alarm rate": 0.02, "percision": 0.9948717948717949, "recall": 0.9556650246305419, "accuracy": 0.9777777777777777}, "s011": {"miss rate": 0.008888888888888889, "false alarm rate": 0.028888888888888888, "percision": 0.9802955665024631, "recall": 0.9386792452830188, "accuracy": 0.9622222222222222}, "s016": {"miss rate": 0.03777777777777778, "false alarm rate": 0.042222222222222223, "percision": 0.915, "recall": 0.905940594059406, "accuracy": 0.92}, "s017": {"miss rate": 0.028888888888888888, "false alarm rate": 0.011111111111111112, "percision": 0.9359605911330049, "recall": 0.9743589743589743, "accuracy": 0.96}, "s032": {"miss rate": 0.05333333333333334, "false alarm rate": 0.035555555555555556, "percision": 0.8775510204081632, "recall": 0.9148936170212766, "accuracy": 0.9111111111111111}, "s015": {"miss rate": 0.04, "false alarm rate": 0.02666666666666667, "percision": 0.9052631578947369, "recall": 0.9347826086956522, "accuracy": 0.9333333333333333}, "s051": {"miss rate": 0.013333333333333334, "false alarm rate": 0.022222222222222223, "percision": 0.9698492462311558, "recall": 0.9507389162561576, "accuracy": 0.9644444444444444}, "s005": {"miss rate": 0.024444444444444446, "false alarm rate": 0.024444444444444446, "percision": 0.945273631840796, "recall": 0.945273631840796, "accuracy": 0.9511111111111111}, "s004": {"miss rate": 0.024444444444444446, "false alarm rate": 0.03777777777777778, "percision": 0.9424083769633508, "recall": 0.9137055837563451, "accuracy": 0.9377777777777778}, "s007": {"miss rate": 0.013333333333333334, "false alarm rate": 0.035555555555555556, "percision": 0.97, "recall": 0.9238095238095239, "accuracy": 0.9511111111111111}, "s003": {"miss rate": 0.0022222222222222222, "false alarm rate": 0.02666666666666667, "percision": 0.9952153110047847, "recall": 0.9454545454545454, "accuracy": 0.9711111111111111}, "s002": {"miss rate": 0.09333333333333334, "false alarm rate": 0.035555555555555556, "percision": 0.7878787878787878, "recall": 0.9069767441860465, "accuracy": 0.8711111111111111}, "s041": {"miss rate": 0.0044444444444444444, "false alarm rate": 0.024444444444444446, "percision": 0.98989898989899, "recall": 0.9468599033816425, "accuracy": 0.9711111111111111}, "s040": {"miss rate": 0.035555555555555556, "false alarm rate": 0.02, "percision": 0.9234449760765551, "recall": 0.9554455445544554, "accuracy": 0.9444444444444444}, "s043": {"miss rate": 0.017777777777777778, "false alarm rate": 0.015555555555555555, "percision": 0.9607843137254902, "recall": 0.9655172413793104, "accuracy": 0.9666666666666667}, "s042": {"miss rate": 0.013333333333333334, "false alarm rate": 0.02, "percision": 0.9714285714285714, "recall": 0.9577464788732394, "accuracy": 0.9666666666666667}, "s008": {"miss rate": 0.057777777777777775, "false alarm rate": 0.024444444444444446, "percision": 0.8686868686868687, "recall": 0.9398907103825137, "accuracy": 0.9177777777777778}, "s047": {"miss rate": 0.024444444444444446, "false alarm rate": 0.06666666666666667, "percision": 0.9485981308411215, "recall": 0.871244635193133, "accuracy": 0.9088888888888889}, "s046": {"miss rate": 0.05333333333333334, "false alarm rate": 0.02666666666666667, "percision": 0.8793969849246231, "recall": 0.9358288770053476, "accuracy": 0.92}, "s049": {"miss rate": 0.07333333333333333, "false alarm rate": 0.022222222222222223, "percision": 0.8398058252427184, "recall": 0.9453551912568307, "accuracy": 0.9044444444444445}, "s029": {"miss rate": 0.028888888888888888, "false alarm rate": 0.006666666666666667, "percision": 0.9386792452830188, "recall": 0.9851485148514851, "accuracy": 0.9644444444444444}, "s028": {"miss rate": 0.022222222222222223, "false alarm rate": 0.013333333333333334, "percision": 0.95, "recall": 0.9693877551020408, "accuracy": 0.9644444444444444}, "s027": {"miss rate": 0.03333333333333333, "false alarm rate": 0.024444444444444446, "percision": 0.9222797927461139, "recall": 0.9417989417989417, "accuracy": 0.9422222222222222}, "s026": {"miss rate": 0.05555555555555555, "false alarm rate": 0.035555555555555556, "percision": 0.8762376237623762, "recall": 0.917098445595855, "accuracy": 0.9088888888888889}, "s025": {"miss rate": 0.03777777777777778, "false alarm rate": 0.015555555555555555, "percision": 0.92018779342723, "recall": 0.9655172413793104, "accuracy": 0.9466666666666667}, "s024": {"miss rate": 0.03777777777777778, "false alarm rate": 0.035555555555555556, "percision": 0.9154228855721394, "recall": 0.92, "accuracy": 0.9266666666666666}, "s022": {"miss rate": 0.03777777777777778, "false alarm rate": 0.011111111111111112, "percision": 0.9174757281553398, "recall": 0.9742268041237113, "accuracy": 0.9511111111111111}, "s021": {"miss rate": 0.04, "false alarm rate": 0.03333333333333333, "percision": 0.9113300492610837, "recall": 0.925,