{"miss rate mean": 0.04749455337690632, "miss rate SD": 0.029988978155461685, "false alarm rate mean": 0.048061002178649254, "false alarm rate SD": 0.02375523042432858, "accuracy mean": 0.9044444444444443, "accuracy SD": 0.042709038510217}