{"miss rate mean": 0.0325925925925926, "miss rate SD": 0.021539250696906816, "false alarm rate mean": 0.026405228758169936, "false alarm rate SD": 0.014810328681270317, "accuracy mean": 0.9410021786492373, "accuracy SD": 0.029782764598823133}