{"subjects": {"s037": {"false acceptance rate": 0.04, "false rejection rate": 0.024444444444444446, "precision": 0.9042553191489362, "recall": 0.9392265193370166, "accuracy": 0.9355555555555556}, "s055": {"false acceptance rate": 0.008888888888888889, "false rejection rate": 0.015555555555555555, "precision": 0.9791666666666666, "recall": 0.9641025641025641, "accuracy": 0.9755555555555555}, "s030": {"false acceptance rate": 0.013333333333333334, "false rejection rate": 0.028888888888888888, "precision": 0.9701492537313433, "recall": 0.9375, "accuracy": 0.9577777777777777}, "s031": {"false acceptance rate": 0.07555555555555556, "false rejection rate": 0.09555555555555556, "precision": 0.8403755868544601, "recall": 0.8063063063063063, "accuracy": 0.8288888888888889}, "s048": {"false acceptance rate": 0.022222222222222223, "false rejection rate": 0.022222222222222223, "precision": 0.9504950495049505, "recall": 0.9504950495049505, "accuracy": 0.9555555555555556}, "s056": {"false acceptance rate": 0.04666666666666667, "false rejection rate": 0.011111111111111112, "precision": 0.9004739336492891, "recall": 0.9743589743589743, "accuracy": 0.9422222222222222}, "s057": {"false acceptance rate": 0.015555555555555555, "false rejection rate": 0.017777777777777778, "precision": 0.9655172413793104, "recall": 0.9607843137254902, "accuracy": 0.9666666666666667}, "s054": {"false acceptance rate": 0.04888888888888889, "false rejection rate": 0.017777777777777778, "precision": 0.8916256157635468, "recall": 0.9576719576719577, "accuracy": 0.9333333333333333}, "s033": {"false acceptance rate": 0.017777777777777778, "false rejection rate": 0.0, "precision": 0.9587628865979382, "recall": 1.0, "accuracy": 0.9822222222222222}, "s052": {"false acceptance rate": 0.0022222222222222222, "false rejection rate": 0.013333333333333334, "precision": 0.9951690821256038, "recall": 0.9716981132075472, "accuracy": 0.9844444444444445}, "s053": {"false acceptance rate": 0.0, "false rejection rate": 0.015555555555555555, "precision": 1.0, "recall": 0.9660194174757282, "accuracy": 0.9844444444444445}, "s050": {"false acceptance rate": 0.03333333333333333, "false rejection rate": 0.03333333333333333, "precision": 0.9257425742574258, "recall": 0.9257425742574258, "accuracy": 0.9333333333333333}, "s018": {"false acceptance rate": 0.042222222222222223, "false rejection rate": 0.02, "precision": 0.9040404040404041, "recall": 0.9521276595744681, "accuracy": 0.9377777777777778}, "s019": {"false acceptance rate": 0.04666666666666667, "false rejection rate": 0.011111111111111112, "precision": 0.8970588235294118, "recall": 0.973404255319149, "accuracy": 0.9422222222222222}, "s038": {"false acceptance rate": 0.035555555555555556, "false rejection rate": 0.035555555555555556, "precision": 0.9191919191919192, "recall": 0.9191919191919192, "accuracy": 0.9288888888888889}, "s039": {"false acceptance rate": 0.017777777777777778, "false rejection rate": 0.03111111111111111, "precision": 0.9583333333333334, "recall": 0.9292929292929293, "accuracy": 0.9511111111111111}, "s012": {"false acceptance rate": 0.0044444444444444444, "false rejection rate": 0.006666666666666667, "precision": 0.9904761904761905, "recall": 0.985781990521327, "accuracy": 0.9888888888888889}, "s013": {"false acceptance rate": 0.042222222222222223, "false rejection rate": 0.015555555555555555, "precision": 0.9015544041450777, "recall": 0.9613259668508287, "accuracy": 0.9422222222222222}, "s010": {"false acceptance rate": 0.017777777777777778, "false rejection rate": 0.017777777777777778, "precision": 0.958974358974359, "recall": 0.958974358974359, "accuracy": 0.9644444444444444}, "s011": {"false acceptance rate": 0.017777777777777778, "false rejection rate": 0.017777777777777778, "precision": 0.9605911330049262, "recall": 0.9605911330049262, "accuracy": 0.9644444444444444}, "s016": {"false acceptance rate": 0.042222222222222223, "false rejection rate": 0.05555555555555555, "precision": 0.905, "recall": 0.8786407766990292, "accuracy": 0.9022222222222223}, "s017": {"false acceptance rate": 0.017777777777777778, "false rejection rate": 0.017777777777777778, "precision": 0.9605911330049262, "recall": 0.9605911330049262, "accuracy": 0.9644444444444444}, "s032": {"false acceptance rate": 0.07555555555555556, "false rejection rate": 0.042222222222222223, "precision": 0.826530612244898, "recall": 0.8950276243093923, "accuracy": 0.8822222222222222}, "s015": {"false acceptance rate": 0.03333333333333333, "false rejection rate": 0.02666666666666667, "precision": 0.9210526315789473, "recall": 0.9358288770053476, "accuracy": 0.94}, "s051": {"false acceptance rate": 0.02, "false rejection rate": 0.03333333333333333, "precision": 0.9547738693467337, "recall": 0.926829268292683, "accuracy": 0.9466666666666667}, "s005": {"false acceptance rate": 0.042222222222222223, "false rejection rate": 0.035555555555555556, "precision": 0.9054726368159204, "recall": 0.9191919191919192, "accuracy": 0.9222222222222223}, "s004": {"false acceptance rate": 0.015555555555555555, "false rejection rate": 0.035555555555555556, "precision": 0.9633507853403142, "recall": 0.92, "accuracy": 0.9488888888888889}, "s007": {"false acceptance rate": 0.028888888888888888, "false rejection rate": 0.015555555555555555, "precision": 0.935, "recall": 0.9639175257731959, "accuracy": 0.9555555555555556}, "s003": {"false acceptance rate": 0.013333333333333334, "false rejection rate": 0.015555555555555555, "precision": 0.9712918660287081, "recall": 0.9666666666666667, "accuracy": 0.9711111111111111}, "s002": {"false acceptance rate": 0.07333333333333333, "false rejection rate": 0.044444444444444446, "precision": 0.8333333333333334, "recall": 0.8918918918918919, "accuracy": 0.8822222222222222}, "s041": {"false acceptance rate": 0.0044444444444444444, "false rejection rate": 0.015555555555555555, "precision": 0.98989898989899, "recall": 0.9655172413793104, "accuracy": 0.98}, "s040": {"false acceptance rate": 0.022222222222222223, "false rejection rate": 0.02, "precision": 0.9521531100478469, "recall": 0.9567307692307693, "accuracy": 0.9577777777777777}, "s043": {"false acceptance rate": 0.008888888888888889, "false rejection rate": 0.006666666666666667, "precision": 0.9803921568627451, "recall": 0.9852216748768473, "accuracy": 0.9844444444444445}, "s042": {"false acceptance rate": 0.022222222222222223, "false rejection rate": 0.015555555555555555, "precision": 0.9523809523809523, "recall": 0.966183574879227, "accuracy": 0.9622222222222222}, "s008": {"false acceptance rate": 0.035555555555555556, "false rejection rate": 0.03333333333333333, "precision": 0.9191919191919192, "recall": 0.9238578680203046, "accuracy": 0.9311111111111111}, "s047": {"false acceptance rate": 0.04, "false rejection rate": 0.07111111111111111, "precision": 0.9158878504672897, "recall": 0.8596491228070176, "accuracy": 0.8888888888888888}, "s046": {"false acceptance rate": 0.04888888888888889, "false rejection rate": 0.02, "precision": 0.8894472361809045, "recall": 0.9516129032258065, "accuracy": 0.9311111111111111}, "s049": {"false acceptance rate": 0.02, "false rejection rate": 0.022222222222222223, "precision": 0.9563106796116505, "recall": 0.9516908212560387, "accuracy": 0.9577777777777777}, "s029": {"false acceptance rate": 0.008888888888888889, "false rejection rate": 0.017777777777777778, "precision": 0.9811320754716981, "recall": 0.9629629629629629, "accuracy": 0.9733333333333334}, "s028": {"false acceptance rate": 0.017777777777777778, "false rejection rate": 0.006666666666666667, "precision": 0.96, "recall": 0.9846153846153847, "accuracy": 0.9755555555555555}, "s027": {"false acceptance rate": 0.035555555555555556, "false rejection rate": 0.015555555555555555, "precision": 0.917098445595855, "recall": 0.9619565217391305, "accuracy": 0.9488888888888889}, "s026": {"false acceptance rate": 0.057777777777777775, "false rejection rate": 0.024444444444444446, "precision": 0.8712871287128713,