{"miss rate mean": 0.0293681917211329, "miss rate SD": 0.018252452343612235, "false alarm rate mean": 0.025751633986928108, "false alarm rate SD": 0.017581577859968545, "accuracy mean": 0.944880174291939, "accuracy SD": 0.031417783898099204}