{"miss rate mean": 0.06431372549019608, "miss rate SD": 0.03018673991918653, "false alarm rate mean": 0.0457516339869281, "false alarm rate SD": 0.027405086649390693, "accuracy mean": 0.8899346405228759, "accuracy SD": 0.04589011100764168}