{"subjects": {"s037": {"false acceptance rate": 0.0275, "false rejection rate": 0.04, "precision": 0.9341317365269461, "recall": 0.9069767441860465, "f1": 0.9203539823008848}, "s055": {"false acceptance rate": 0.0075, "false rejection rate": 0.0075, "precision": 0.9807692307692307, "recall": 0.9807692307692307, "f1": 0.9807692307692307}, "s030": {"false acceptance rate": 0.0275, "false rejection rate": 0.03, "precision": 0.935672514619883, "recall": 0.9302325581395349, "f1": 0.9329446064139942}, "s031": {"false acceptance rate": 0.0975, "false rejection rate": 0.0625, "precision": 0.743421052631579, "recall": 0.8188405797101449, "f1": 0.7793103448275863}, "s048": {"false acceptance rate": 0.025, "false rejection rate": 0.0225, "precision": 0.9300699300699301, "recall": 0.9366197183098591, "f1": 0.9333333333333333}, "s056": {"false acceptance rate": 0.0225, "false rejection rate": 0.0325, "precision": 0.9411764705882353, "recall": 0.9171974522292994, "f1": 0.9290322580645161}, "s057": {"false acceptance rate": 0.02, "false rejection rate": 0.0275, "precision": 0.9520958083832335, "recall": 0.9352941176470588, "f1": 0.9436201780415431}, "s054": {"false acceptance rate": 0.04, "false rejection rate": 0.0275, "precision": 0.8954248366013072, "recall": 0.9256756756756757, "f1": 0.9102990033222591}, "s033": {"false acceptance rate": 0.015, "false rejection rate": 0.0075, "precision": 0.9640718562874252, "recall": 0.9817073170731707, "f1": 0.9728096676737159}, "s052": {"false acceptance rate": 0.01, "false rejection rate": 0.005, "precision": 0.9738562091503268, "recall": 0.9867549668874173, "f1": 0.9802631578947368}, "s053": {"false acceptance rate": 0.0025, "false rejection rate": 0.005, "precision": 0.9939393939393939, "recall": 0.9879518072289156, "f1": 0.9909365558912386}, "s050": {"false acceptance rate": 0.0275, "false rejection rate": 0.02, "precision": 0.9345238095238095, "recall": 0.9515151515151515, "f1": 0.942942942942943}, "s018": {"false acceptance rate": 0.015, "false rejection rate": 0.03, "precision": 0.9662921348314607, "recall": 0.9347826086956522, "f1": 0.9502762430939227}, "s019": {"false acceptance rate": 0.02, "false rejection rate": 0.025, "precision": 0.950920245398773, "recall": 0.9393939393939394, "f1": 0.9451219512195123}, "s038": {"false acceptance rate": 0.04, "false rejection rate": 0.0325, "precision": 0.8974358974358975, "recall": 0.9150326797385621, "f1": 0.9061488673139159}, "s039": {"false acceptance rate": 0.0225, "false rejection rate": 0.0275, "precision": 0.9479768786127167, "recall": 0.9371428571428572, "f1": 0.942528735632184}, "s012": {"false acceptance rate": 0.01, "false rejection rate": 0.02, "precision": 0.9745222929936306, "recall": 0.9503105590062112, "f1": 0.9622641509433963}, "s013": {"false acceptance rate": 0.0225, "false rejection rate": 0.02, "precision": 0.9479768786127167, "recall": 0.9534883720930233, "f1": 0.9507246376811593}, "s010": {"false acceptance rate": 0.0175, "false rejection rate": 0.015, "precision": 0.9578313253012049, "recall": 0.9636363636363636, "f1": 0.9607250755287009}, "s011": {"false acceptance rate": 0.0125, "false rejection rate": 0.0225, "precision": 0.9709302325581395, "recall": 0.9488636363636364, "f1": 0.9597701149425287}, "s016": {"false acceptance rate": 0.0225, "false rejection rate": 0.0325, "precision": 0.94, "recall": 0.9155844155844156, "f1": 0.9276315789473684}, "s017": {"false acceptance rate": 0.0125, "false rejection rate": 0.0125, "precision": 0.9668874172185431, "recall": 0.9668874172185431, "f1": 0.9668874172185431}, "s032": {"false acceptance rate": 0.0525, "false rejection rate": 0.0525, "precision": 0.86875, "recall": 0.86875, "f1": 0.86875}, "s015": {"false acceptance rate": 0.0375, "false rejection rate": 0.0375, "precision": 0.9085365853658537, "recall": 0.9085365853658537, "f1": 0.9085365853658537}, "s051": {"false acceptance rate": 0.05, "false rejection rate": 0.0175, "precision": 0.8742138364779874, "recall": 0.952054794520548, "f1": 0.9114754098360656}, "s005": {"false acceptance rate": 0.0375, "false rejection rate": 0.0275, "precision": 0.9044585987261147, "recall": 0.9281045751633987, "f1": 0.9161290322580646}, "s004": {"false acceptance rate": 0.03, "false rejection rate": 0.025, "precision": 0.9235668789808917, "recall": 0.9354838709677419, "f1": 0.9294871794871794}, "s007": {"false acceptance rate": 0.0225, "false rejection rate": 0.0075, "precision": 0.9426751592356688, "recall": 0.9801324503311258, "f1": 0.9610389610389611}, "s003": {"false acceptance rate": 0.015, "false rejection rate": 0.0175, "precision": 0.963855421686747, "recall": 0.9580838323353293, "f1": 0.9609609609609611}, "s002": {"false acceptance rate": 0.055, "false rejection rate": 0.0425, "precision": 0.8482758620689655, "recall": 0.8785714285714286, "f1": 0.863157894736842}, "s041": {"false acceptance rate": 0.015, "false rejection rate": 0.01, "precision": 0.9647058823529412, "recall": 0.9761904761904762, "f1": 0.9704142011834319}, "s040": {"false acceptance rate": 0.025, "false rejection rate": 0.02, "precision": 0.9397590361445783, "recall": 0.9512195121951219, "f1": 0.9454545454545454}, "s043": {"false acceptance rate": 0.005, "false rejection rate": 0.0075, "precision": 0.9880239520958084, "recall": 0.9821428571428571, "f1": 0.9850746268656716}, "s042": {"false acceptance rate": 0.0125, "false rejection rate": 0.0325, "precision": 0.9691358024691358, "recall": 0.9235294117647059, "f1": 0.9457831325301205}, "s008": {"false acceptance rate": 0.025, "false rejection rate": 0.015, "precision": 0.935064935064935, "recall": 0.96, "f1": 0.9473684210526316}, "s047": {"false acceptance rate": 0.0725, "false rejection rate": 0.0325, "precision": 0.8092105263157895, "recall": 0.9044117647058824, "f1": 0.8541666666666667}, "s046": {"false acceptance rate": 0.0425, "false rejection rate": 0.0175, "precision": 0.8866666666666667, "recall": 0.95, "f1": 0.9172413793103449}, "s049": {"false acceptance rate": 0.0275, "false rejection rate": 0.0175, "precision": 0.93125, "recall": 0.9551282051282052, "f1": 0.9430379746835443}, "s029": {"false acceptance rate": 0.01, "false rejection rate": 0.0225, "precision": 0.9738562091503268, "recall": 0.9430379746835443, "f1": 0.9581993569131834}, "s028": {"false acceptance rate": 0.0425, "false rejection rate": 0.005, "precision": 0.8835616438356164, "recall": 0.9847328244274809, "f1": 0.9314079422382672}, "s027": {"false acceptance rate": 0.025, "false rejection rate": 0.02, "precision": 0.9371069182389937, "recall": 0.9490445859872612, "f1": 0.9430379746835443}, "s026": {"false acceptance rate": 0.0525, "false rejection rate": 0.0325, "precision": 0.8764705882352941, "recall": 0.9197530864197531, "f1": 0.8975903614457831}, "s025": {"false acceptance rate": 0.0525, "false rejection rate": 0.01, "precision": 0.85, "recall": 0.967479674796748, "f1": 0.9049429657794678}, "s024": {"false acceptance rate": 0.01, "false rejection rate": 0.01, "precision": 0.9764705882352941, "recall": 0.9764705882352941, "f1": 0.9764705882352941}, "s022": {"false acceptance rate": 0.0175, "false rejection rate": 0.0125, "precision": 0.9578313253012049, "recall": 0.9695121951219512, "f1": 0.9636363636363636}, "s021": {"false acceptance rate": 0.04, "false rejection rate": 0.0225, "precision": 0.9030303030303031, "recall": 0.9430379746835443, "f1": 0.9226006191950465}, "s020": {"false acceptance rate": 0.0225, "false rejection rate": 0.0325, "precision": 0.9411764705882353, "recall": 0.9171974522292994, "f1": 0.9290322580645161}, "s034": {"false acceptance rate": 0.01, "false rejection rate": 0.0275, "precision": 0.975609756097561, "recall": 0.935672514619883, "f1": 0.9552238805970149}, "s044": {"false acceptance rate": 0.07, "false rejection rate": 0.0275, "precision": 0.825, "recall": 0.9230769230769231, "f1": 0.8712871287128713}, "s035": {"false acceptance rate": 0.0275, "false rejection rate": 0.0225, "precision": 0.9256756756756757, "recall": 0.9383561643835616,