{"subjects": {"s037": {"false acceptance rate": 0.0044444444444444444, "false rejection rate": 0.06222222222222222, "precision": 0.9893617021276596, "recall": 0.8691588785046729, "accuracy": 0.9333333333333333}, "s055": {"false acceptance rate": 0.0, "false rejection rate": 0.02, "precision": 1.0, "recall": 0.9552238805970149, "accuracy": 0.98}, "s030": {"false acceptance rate": 0.0, "false rejection rate": 0.06222222222222222, "precision": 1.0, "recall": 0.8777292576419214, "accuracy": 0.9377777777777778}, "s031": {"false acceptance rate": 0.0, "false rejection rate": 0.17333333333333334, "precision": 1.0, "recall": 0.7319587628865979, "accuracy": 0.8266666666666667}, "s048": {"false acceptance rate": 0.0022222222222222222, "false rejection rate": 0.05555555555555555, "precision": 0.995049504950495, "recall": 0.8893805309734514, "accuracy": 0.9422222222222222}, "s056": {"false acceptance rate": 0.0, "false rejection rate": 0.042222222222222223, "precision": 1.0, "recall": 0.9173913043478261, "accuracy": 0.9577777777777777}, "s057": {"false acceptance rate": 0.0022222222222222222, "false rejection rate": 0.042222222222222223, "precision": 0.9950738916256158, "recall": 0.9140271493212669, "accuracy": 0.9555555555555556}, "s054": {"false acceptance rate": 0.0022222222222222222, "false rejection rate": 0.051111111111111114, "precision": 0.9950738916256158, "recall": 0.8977777777777778, "accuracy": 0.9466666666666667}, "s033": {"false acceptance rate": 0.006666666666666667, "false rejection rate": 0.013333333333333334, "precision": 0.9845360824742269, "recall": 0.9695431472081218, "accuracy": 0.98}, "s052": {"false acceptance rate": 0.0, "false rejection rate": 0.011111111111111112, "precision": 1.0, "recall": 0.9764150943396226, "accuracy": 0.9888888888888889}, "s053": {"false acceptance rate": 0.0, "false rejection rate": 0.015555555555555555, "precision": 1.0, "recall": 0.9660194174757282, "accuracy": 0.9844444444444445}, "s050": {"false acceptance rate": 0.0, "false rejection rate": 0.07555555555555556, "precision": 1.0, "recall": 0.8559322033898306, "accuracy": 0.9244444444444444}, "s018": {"false acceptance rate": 0.0, "false rejection rate": 0.03111111111111111, "precision": 1.0, "recall": 0.9339622641509434, "accuracy": 0.9688888888888889}, "s019": {"false acceptance rate": 0.0, "false rejection rate": 0.04888888888888889, "precision": 1.0, "recall": 0.9026548672566371, "accuracy": 0.9511111111111111}, "s038": {"false acceptance rate": 0.0, "false rejection rate": 0.06222222222222222, "precision": 1.0, "recall": 0.8761061946902655, "accuracy": 0.9377777777777778}, "s039": {"false acceptance rate": 0.0, "false rejection rate": 0.03777777777777778, "precision": 1.0, "recall": 0.9186602870813397, "accuracy": 0.9622222222222222}, "s012": {"false acceptance rate": 0.0, "false rejection rate": 0.03333333333333333, "precision": 1.0, "recall": 0.9333333333333333, "accuracy": 0.9666666666666667}, "s013": {"false acceptance rate": 0.0, "false rejection rate": 0.02, "precision": 1.0, "recall": 0.9554455445544554, "accuracy": 0.98}, "s010": {"false acceptance rate": 0.0, "false rejection rate": 0.024444444444444446, "precision": 1.0, "recall": 0.9466019417475728, "accuracy": 0.9755555555555555}, "s011": {"false acceptance rate": 0.0022222222222222222, "false rejection rate": 0.03111111111111111, "precision": 0.9950738916256158, "recall": 0.9351851851851852, "accuracy": 0.9666666666666667}, "s016": {"false acceptance rate": 0.0022222222222222222, "false rejection rate": 0.06666666666666667, "precision": 0.995, "recall": 0.868995633187773, "accuracy": 0.9311111111111111}, "s017": {"false acceptance rate": 0.0, "false rejection rate": 0.013333333333333334, "precision": 1.0, "recall": 0.9712918660287081, "accuracy": 0.9866666666666667}, "s032": {"false acceptance rate": 0.008888888888888889, "false rejection rate": 0.08, "precision": 0.9795918367346939, "recall": 0.8421052631578947, "accuracy": 0.9111111111111111}, "s015": {"false acceptance rate": 0.0022222222222222222, "false rejection rate": 0.03777777777777778, "precision": 0.9947368421052631, "recall": 0.9174757281553398, "accuracy": 0.96}, "s051": {"false acceptance rate": 0.0, "false rejection rate": 0.05333333333333334, "precision": 1.0, "recall": 0.8923766816143498, "accuracy": 0.9466666666666667}, "s005": {"false acceptance rate": 0.0022222222222222222, "false rejection rate": 0.06444444444444444, "precision": 0.9950248756218906, "recall": 0.8733624454148472, "accuracy": 0.9333333333333333}, "s004": {"false acceptance rate": 0.0, "false rejection rate": 0.07111111111111111, "precision": 1.0, "recall": 0.8565022421524664, "accuracy": 0.9288888888888889}, "s007": {"false acceptance rate": 0.0, "false rejection rate": 0.05333333333333334, "precision": 1.0, "recall": 0.8928571428571429, "accuracy": 0.9466666666666667}, "s003": {"false acceptance rate": 0.0022222222222222222, "false rejection rate": 0.035555555555555556, "precision": 0.9952153110047847, "recall": 0.9285714285714286, "accuracy": 0.9622222222222222}, "s002": {"false acceptance rate": 0.013333333333333334, "false rejection rate": 0.08444444444444445, "precision": 0.9696969696969697, "recall": 0.8347826086956521, "accuracy": 0.9022222222222223}, "s041": {"false acceptance rate": 0.0022222222222222222, "false rejection rate": 0.03777777777777778, "precision": 0.9949494949494949, "recall": 0.9205607476635514, "accuracy": 0.96}, "s040": {"false acceptance rate": 0.0022222222222222222, "false rejection rate": 0.05333333333333334, "precision": 0.9952153110047847, "recall": 0.896551724137931, "accuracy": 0.9444444444444444}, "s043": {"false acceptance rate": 0.0, "false rejection rate": 0.022222222222222223, "precision": 1.0, "recall": 0.9532710280373832, "accuracy": 0.9777777777777777}, "s042": {"false acceptance rate": 0.0, "false rejection rate": 0.042222222222222223, "precision": 1.0, "recall": 0.9170305676855895, "accuracy": 0.9577777777777777}, "s008": {"false acceptance rate": 0.0, "false rejection rate": 0.06888888888888889, "precision": 1.0, "recall": 0.8646288209606987, "accuracy": 0.9311111111111111}, "s047": {"false acceptance rate": 0.0, "false rejection rate": 0.13111111111111112, "precision": 1.0, "recall": 0.7838827838827839, "accuracy": 0.8688888888888889}, "s046": {"false acceptance rate": 0.0022222222222222222, "false rejection rate": 0.05333333333333334, "precision": 0.9949748743718593, "recall": 0.8918918918918919, "accuracy": 0.9444444444444444}, "s049": {"false acceptance rate": 0.0022222222222222222, "false rejection rate": 0.022222222222222223, "precision": 0.9951456310679612, "recall": 0.9534883720930233, "accuracy": 0.9755555555555555}, "s029": {"false acceptance rate": 0.0, "false rejection rate": 0.04, "precision": 1.0, "recall": 0.9217391304347826, "accuracy": 0.96}, "s028": {"false acceptance rate": 0.0, "false rejection rate": 0.02666666666666667, "precision": 1.0, "recall": 0.9433962264150944, "accuracy": 0.9733333333333334}, "s027": {"false acceptance rate": 0.0022222222222222222, "false rejection rate": 0.04, "precision": 0.9948186528497409, "recall": 0.9142857142857143, "accuracy": 0.9577777777777777}, "s026": {"false acceptance rate": 0.006666666666666667, "false rejection rate": 0.06888888888888889, "precision": 0.9851485148514851, "recall": 0.8652173913043478, "accuracy": 0.9244444444444444}, "s025": {"false acceptance rate": 0.0022222222222222222, "false rejection rate": 0.04888888888888889, "precision": 0.9953051643192489, "recall": 0.905982905982906, "accuracy": 0.9488888888888889}, "s024": {"false acceptance rate": 0.0022222222222222222, "false rejection rate": 0.035555555555555556, "precision": 0.9950248756218906, "recall": 0.9259259259259259, "accuracy": 0.9622222222222222}, "s022": {"false acceptance rate": 0.0, "false rejection rate": 0.022222222222222223, "precision": 1.0, "recall": 0.9537037037037037, "accuracy": 0.9777777777777777}, "s021": {"false acceptance rate": 0.0,