{"miss rate mean": 0.001437908496732026, "miss rate SD": 0.0025593333604511394, "false alarm rate mean": 0.04936819172113289, "false alarm rate SD": 0.029436123214329177, "accuracy mean": 0.9023359259222605, "accuracy SD": 0.05287876584849355}