{"miss rate mean": 0.029193899782135085, "miss rate SD": 0.006192578121390206, "false alarm rate mean": 0.28657952069716774, "false alarm rate SD": 0.11672523545686123, "accuracy mean": 0.6527030875482995, "accuracy SD": 0.1323956270721993}