{"subjects": {"s037": {"false acceptance rate": 0.0375, "false rejection rate": 0.03, "precision": 0.9101796407185628, "recall": 0.926829268292683, "f1": 0.918429003021148}, "s055": {"false acceptance rate": 0.005, "false rejection rate": 0.01, "precision": 0.9871794871794872, "recall": 0.9746835443037974, "f1": 0.980891719745223}, "s030": {"false acceptance rate": 0.0325, "false rejection rate": 0.0225, "precision": 0.9239766081871345, "recall": 0.9461077844311377, "f1": 0.9349112426035503}, "s031": {"false acceptance rate": 0.08, "false rejection rate": 0.065, "precision": 0.7894736842105263, "recall": 0.821917808219178, "f1": 0.8053691275167785}, "s048": {"false acceptance rate": 0.03, "false rejection rate": 0.0225, "precision": 0.916083916083916, "recall": 0.9357142857142857, "f1": 0.9257950530035335}, "s056": {"false acceptance rate": 0.0175, "false rejection rate": 0.0325, "precision": 0.954248366013072, "recall": 0.9182389937106918, "f1": 0.935897435897436}, "s057": {"false acceptance rate": 0.015, "false rejection rate": 0.0325, "precision": 0.9640718562874252, "recall": 0.9252873563218391, "f1": 0.9442815249266864}, "s054": {"false acceptance rate": 0.035, "false rejection rate": 0.03, "precision": 0.9084967320261438, "recall": 0.9205298013245033, "f1": 0.9144736842105264}, "s033": {"false acceptance rate": 0.015, "false rejection rate": 0.005, "precision": 0.9640718562874252, "recall": 0.9877300613496932, "f1": 0.9757575757575757}, "s052": {"false acceptance rate": 0.0025, "false rejection rate": 0.005, "precision": 0.9934640522875817, "recall": 0.987012987012987, "f1": 0.990228013029316}, "s053": {"false acceptance rate": 0.0025, "false rejection rate": 0.01, "precision": 0.9939393939393939, "recall": 0.9761904761904762, "f1": 0.984984984984985}, "s050": {"false acceptance rate": 0.03, "false rejection rate": 0.0225, "precision": 0.9285714285714286, "recall": 0.9454545454545454, "f1": 0.9369369369369368}, "s018": {"false acceptance rate": 0.015, "false rejection rate": 0.03, "precision": 0.9662921348314607, "recall": 0.9347826086956522, "f1": 0.9502762430939227}, "s019": {"false acceptance rate": 0.0075, "false rejection rate": 0.015, "precision": 0.9815950920245399, "recall": 0.963855421686747, "f1": 0.972644376899696}, "s038": {"false acceptance rate": 0.0225, "false rejection rate": 0.02, "precision": 0.9423076923076923, "recall": 0.9483870967741935, "f1": 0.9453376205787781}, "s039": {"false acceptance rate": 0.02, "false rejection rate": 0.02, "precision": 0.953757225433526, "recall": 0.953757225433526, "f1": 0.953757225433526}, "s012": {"false acceptance rate": 0.015, "false rejection rate": 0.0075, "precision": 0.9617834394904459, "recall": 0.9805194805194806, "f1": 0.9710610932475885}, "s013": {"false acceptance rate": 0.0275, "false rejection rate": 0.03, "precision": 0.9364161849710982, "recall": 0.9310344827586207, "f1": 0.9337175792507204}, "s010": {"false acceptance rate": 0.015, "false rejection rate": 0.0175, "precision": 0.963855421686747, "recall": 0.9580838323353293, "f1": 0.9609609609609611}, "s011": {"false acceptance rate": 0.005, "false rejection rate": 0.025, "precision": 0.9883720930232558, "recall": 0.9444444444444444, "f1": 0.9659090909090908}, "s016": {"false acceptance rate": 0.025, "false rejection rate": 0.0225, "precision": 0.9333333333333333, "recall": 0.9395973154362416, "f1": 0.9364548494983278}, "s017": {"false acceptance rate": 0.0075, "false rejection rate": 0.0125, "precision": 0.9801324503311258, "recall": 0.9673202614379085, "f1": 0.9736842105263158}, "s032": {"false acceptance rate": 0.05, "false rejection rate": 0.0575, "precision": 0.875, "recall": 0.8588957055214724, "f1": 0.8668730650154799}, "s015": {"false acceptance rate": 0.0275, "false rejection rate": 0.0325, "precision": 0.9329268292682927, "recall": 0.9216867469879518, "f1": 0.9272727272727274}, "s051": {"false acceptance rate": 0.0525, "false rejection rate": 0.0225, "precision": 0.8679245283018868, "recall": 0.9387755102040817, "f1": 0.9019607843137256}, "s005": {"false acceptance rate": 0.035, "false rejection rate": 0.02, "precision": 0.910828025477707, "recall": 0.9470198675496688, "f1": 0.9285714285714285}, "s004": {"false acceptance rate": 0.0225, "false rejection rate": 0.0275, "precision": 0.9426751592356688, "recall": 0.9308176100628931, "f1": 0.9367088607594937}, "s007": {"false acceptance rate": 0.02, "false rejection rate": 0.0025, "precision": 0.9490445859872612, "recall": 0.9933333333333333, "f1": 0.9706840390879479}, "s003": {"false acceptance rate": 0.015, "false rejection rate": 0.015, "precision": 0.963855421686747, "recall": 0.963855421686747, "f1": 0.963855421686747}, "s002": {"false acceptance rate": 0.045, "false rejection rate": 0.0425, "precision": 0.8758620689655172, "recall": 0.8819444444444444, "f1": 0.8788927335640138}, "s041": {"false acceptance rate": 0.02, "false rejection rate": 0.0025, "precision": 0.9529411764705882, "recall": 0.9938650306748467, "f1": 0.972972972972973}, "s040": {"false acceptance rate": 0.03, "false rejection rate": 0.0175, "precision": 0.927710843373494, "recall": 0.9565217391304348, "f1": 0.9418960244648319}, "s043": {"false acceptance rate": 0.0125, "false rejection rate": 0.0025, "precision": 0.9700598802395209, "recall": 0.9938650306748467, "f1": 0.9818181818181819}, "s042": {"false acceptance rate": 0.0075, "false rejection rate": 0.025, "precision": 0.9814814814814815, "recall": 0.9408284023668639, "f1": 0.9607250755287009}, "s008": {"false acceptance rate": 0.025, "false rejection rate": 0.025, "precision": 0.935064935064935, "recall": 0.935064935064935, "f1": 0.935064935064935}, "s047": {"false acceptance rate": 0.0475, "false rejection rate": 0.0225, "precision": 0.875, "recall": 0.9366197183098591, "f1": 0.9047619047619048}, "s046": {"false acceptance rate": 0.0425, "false rejection rate": 0.0225, "precision": 0.8866666666666667, "recall": 0.9366197183098591, "f1": 0.9109589041095891}, "s049": {"false acceptance rate": 0.035, "false rejection rate": 0.005, "precision": 0.9125, "recall": 0.9864864864864865, "f1": 0.948051948051948}, "s029": {"false acceptance rate": 0.0175, "false rejection rate": 0.0125, "precision": 0.954248366013072, "recall": 0.9668874172185431, "f1": 0.9605263157894737}, "s028": {"false acceptance rate": 0.045, "false rejection rate": 0.005, "precision": 0.8767123287671232, "recall": 0.9846153846153847, "f1": 0.927536231884058}, "s027": {"false acceptance rate": 0.025, "false rejection rate": 0.0225, "precision": 0.9371069182389937, "recall": 0.9430379746835443, "f1": 0.9400630914826499}, "s026": {"false acceptance rate": 0.0375, "false rejection rate": 0.0275, "precision": 0.9117647058823529, "recall": 0.9337349397590361, "f1": 0.9226190476190476}, "s025": {"false acceptance rate": 0.04, "false rejection rate": 0.015, "precision": 0.8857142857142857, "recall": 0.9538461538461539, "f1": 0.9185185185185185}, "s024": {"false acceptance rate": 0.0125, "false rejection rate": 0.01, "precision": 0.9705882352941176, "recall": 0.9763313609467456, "f1": 0.9734513274336284}, "s022": {"false acceptance rate": 0.0275, "false rejection rate": 0.01, "precision": 0.9337349397590361, "recall": 0.9748427672955975, "f1": 0.9538461538461538}, "s021": {"false acceptance rate": 0.045, "false rejection rate": 0.02, "precision": 0.8909090909090909, "recall": 0.9483870967741935, "f1": 0.9187499999999998}, "s020": {"false acceptance rate": 0.025, "false rejection rate": 0.0375, "precision": 0.934640522875817, "recall": 0.9050632911392406, "f1": 0.9196141479099678}, "s034": {"false acceptance rate": 0.0225, "false rejection rate": 0.0225, "precision": 0.9451219512195121, "recall": 0.9451219512195121, "f1": 0.945121951219512}, "s044": {"false acceptance rate": 0.0375, "false rejection rate": 0.0075, "precision": 0.90625, "recall": 0.9797297297297297, "f1": 0.9415584415584415}, "s035": {"false acceptance rate": 0.015, "false rejection rate": 0.0125,