{"miss rate mean": 0.026187363834422665, "miss rate SD": 0.015150747232632806, "false alarm rate mean": 0.023747276688453157, "false alarm rate SD": 0.014465312200135343, "accuracy mean": 0.9500653594771242, "accuracy SD": 0.026416227567563035}