{"subjects": {"s037": {"false acceptance rate": 0.03777777777777778, "false rejection rate": 0.02666666666666667, "precision": 0.9095744680851063, "recall": 0.9344262295081968, "accuracy": 0.9355555555555556}, "s055": {"false acceptance rate": 0.006666666666666667, "false rejection rate": 0.013333333333333334, "precision": 0.984375, "recall": 0.9692307692307692, "accuracy": 0.98}, "s030": {"false acceptance rate": 0.022222222222222223, "false rejection rate": 0.017777777777777778, "precision": 0.9502487562189055, "recall": 0.9597989949748744, "accuracy": 0.96}, "s031": {"false acceptance rate": 0.06, "false rejection rate": 0.07777777777777778, "precision": 0.8732394366197183, "recall": 0.8416289592760181, "accuracy": 0.8622222222222222}, "s048": {"false acceptance rate": 0.035555555555555556, "false rejection rate": 0.03111111111111111, "precision": 0.9207920792079208, "recall": 0.93, "accuracy": 0.9333333333333333}, "s056": {"false acceptance rate": 0.024444444444444446, "false rejection rate": 0.017777777777777778, "precision": 0.9478672985781991, "recall": 0.9615384615384616, "accuracy": 0.9577777777777777}, "s057": {"false acceptance rate": 0.015555555555555555, "false rejection rate": 0.02, "precision": 0.9655172413793104, "recall": 0.9560975609756097, "accuracy": 0.9644444444444444}, "s054": {"false acceptance rate": 0.03777777777777778, "false rejection rate": 0.017777777777777778, "precision": 0.916256157635468, "recall": 0.9587628865979382, "accuracy": 0.9444444444444444}, "s033": {"false acceptance rate": 0.02, "false rejection rate": 0.0022222222222222222, "precision": 0.9536082474226805, "recall": 0.9946236559139785, "accuracy": 0.9777777777777777}, "s052": {"false acceptance rate": 0.0044444444444444444, "false rejection rate": 0.013333333333333334, "precision": 0.9903381642512077, "recall": 0.9715639810426541, "accuracy": 0.9822222222222222}, "s053": {"false acceptance rate": 0.0, "false rejection rate": 0.015555555555555555, "precision": 1.0, "recall": 0.9660194174757282, "accuracy": 0.9844444444444445}, "s050": {"false acceptance rate": 0.022222222222222223, "false rejection rate": 0.044444444444444446, "precision": 0.9504950495049505, "recall": 0.9056603773584906, "accuracy": 0.9333333333333333}, "s018": {"false acceptance rate": 0.024444444444444446, "false rejection rate": 0.022222222222222223, "precision": 0.9444444444444444, "recall": 0.949238578680203, "accuracy": 0.9533333333333334}, "s019": {"false acceptance rate": 0.024444444444444446, "false rejection rate": 0.017777777777777778, "precision": 0.946078431372549, "recall": 0.9601990049751243, "accuracy": 0.9577777777777777}, "s038": {"false acceptance rate": 0.03777777777777778, "false rejection rate": 0.028888888888888888, "precision": 0.9141414141414141, "recall": 0.9329896907216495, "accuracy": 0.9333333333333333}, "s039": {"false acceptance rate": 0.017777777777777778, "false rejection rate": 0.02666666666666667, "precision": 0.9583333333333334, "recall": 0.9387755102040817, "accuracy": 0.9555555555555556}, "s012": {"false acceptance rate": 0.006666666666666667, "false rejection rate": 0.0044444444444444444, "precision": 0.9857142857142858, "recall": 0.9904306220095693, "accuracy": 0.9888888888888889}, "s013": {"false acceptance rate": 0.06, "false rejection rate": 0.013333333333333334, "precision": 0.8601036269430051, "recall": 0.9651162790697675, "accuracy": 0.9266666666666666}, "s010": {"false acceptance rate": 0.017777777777777778, "false rejection rate": 0.015555555555555555, "precision": 0.958974358974359, "recall": 0.9639175257731959, "accuracy": 0.9666666666666667}, "s011": {"false acceptance rate": 0.011111111111111112, "false rejection rate": 0.015555555555555555, "precision": 0.9753694581280788, "recall": 0.9658536585365853, "accuracy": 0.9733333333333334}, "s016": {"false acceptance rate": 0.02666666666666667, "false rejection rate": 0.03111111111111111, "precision": 0.94, "recall": 0.9306930693069307, "accuracy": 0.9422222222222222}, "s017": {"false acceptance rate": 0.008888888888888889, "false rejection rate": 0.011111111111111112, "precision": 0.9802955665024631, "recall": 0.9754901960784313, "accuracy": 0.98}, "s032": {"false acceptance rate": 0.06, "false rejection rate": 0.042222222222222223, "precision": 0.8622448979591837, "recall": 0.898936170212766, "accuracy": 0.8977777777777778}, "s015": {"false acceptance rate": 0.042222222222222223, "false rejection rate": 0.02, "precision": 0.9, "recall": 0.95, "accuracy": 0.9377777777777778}, "s051": {"false acceptance rate": 0.04, "false rejection rate": 0.03333333333333333, "precision": 0.9095477386934674, "recall": 0.923469387755102, "accuracy": 0.9266666666666666}, "s005": {"false acceptance rate": 0.022222222222222223, "false rejection rate": 0.024444444444444446, "precision": 0.9502487562189055, "recall": 0.9455445544554455, "accuracy": 0.9533333333333334}, "s004": {"false acceptance rate": 0.015555555555555555, "false rejection rate": 0.028888888888888888, "precision": 0.9633507853403142, "recall": 0.934010152284264, "accuracy": 0.9555555555555556}, "s007": {"false acceptance rate": 0.022222222222222223, "false rejection rate": 0.015555555555555555, "precision": 0.95, "recall": 0.9644670050761421, "accuracy": 0.9622222222222222}, "s003": {"false acceptance rate": 0.015555555555555555, "false rejection rate": 0.02, "precision": 0.9665071770334929, "recall": 0.957345971563981, "accuracy": 0.9644444444444444}, "s002": {"false acceptance rate": 0.06, "false rejection rate": 0.05333333333333334, "precision": 0.8636363636363636, "recall": 0.8769230769230769, "accuracy": 0.8866666666666667}, "s041": {"false acceptance rate": 0.013333333333333334, "false rejection rate": 0.0044444444444444444, "precision": 0.9696969696969697, "recall": 0.9896907216494846, "accuracy": 0.9822222222222222}, "s040": {"false acceptance rate": 0.022222222222222223, "false rejection rate": 0.022222222222222223, "precision": 0.9521531100478469, "recall": 0.9521531100478469, "accuracy": 0.9555555555555556}, "s043": {"false acceptance rate": 0.0044444444444444444, "false rejection rate": 0.013333333333333334, "precision": 0.9901960784313726, "recall": 0.9711538461538461, "accuracy": 0.9822222222222222}, "s042": {"false acceptance rate": 0.015555555555555555, "false rejection rate": 0.017777777777777778, "precision": 0.9666666666666667, "recall": 0.9620853080568721, "accuracy": 0.9666666666666667}, "s008": {"false acceptance rate": 0.028888888888888888, "false rejection rate": 0.035555555555555556, "precision": 0.9343434343434344, "recall": 0.9203980099502488, "accuracy": 0.9355555555555556}, "s047": {"false acceptance rate": 0.028888888888888888, "false rejection rate": 0.057777777777777775, "precision": 0.9392523364485982, "recall": 0.8854625550660793, "accuracy": 0.9133333333333333}, "s046": {"false acceptance rate": 0.044444444444444446, "false rejection rate": 0.024444444444444446, "precision": 0.8994974874371859, "recall": 0.9421052631578948, "accuracy": 0.9311111111111111}, "s049": {"false acceptance rate": 0.024444444444444446, "false rejection rate": 0.017777777777777778, "precision": 0.9466019417475728, "recall": 0.9605911330049262, "accuracy": 0.9577777777777777}, "s029": {"false acceptance rate": 0.006666666666666667, "false rejection rate": 0.022222222222222223, "precision": 0.9858490566037735, "recall": 0.954337899543379, "accuracy": 0.9711111111111111}, "s028": {"false acceptance rate": 0.022222222222222223, "false rejection rate": 0.006666666666666667, "precision": 0.95, "recall": 0.9844559585492227, "accuracy": 0.9711111111111111}, "s027": {"false acceptance rate": 0.03111111111111111, "false rejection rate": 0.022222222222222223, "precision": 0.927461139896373, "recall": 0.9470899470899471, "accuracy": 0.9466666666666667}, "s026": {"false acceptance rate": 0.05555555555555555, "false rejection rate": 0.03111111111111111, "precision": 0.8762376237623762, "recall": 0.9267015706806283, "accuracy": 0.9133333333333333},