{"subjects": {"s037": {"false acceptance rate": 0.035, "false rejection rate": 0.0325, "precision": 0.9161676646706587, "recall": 0.9216867469879518, "f1": 0.9189189189189191}, "s055": {"false acceptance rate": 0.005, "false rejection rate": 0.0075, "precision": 0.9871794871794872, "recall": 0.9808917197452229, "f1": 0.9840255591054313}, "s030": {"false acceptance rate": 0.0275, "false rejection rate": 0.025, "precision": 0.935672514619883, "recall": 0.9411764705882353, "f1": 0.93841642228739}, "s031": {"false acceptance rate": 0.0625, "false rejection rate": 0.0625, "precision": 0.8355263157894737, "recall": 0.8355263157894737, "f1": 0.8355263157894737}, "s048": {"false acceptance rate": 0.0225, "false rejection rate": 0.0225, "precision": 0.9370629370629371, "recall": 0.9370629370629371, "f1": 0.9370629370629371}, "s056": {"false acceptance rate": 0.015, "false rejection rate": 0.03, "precision": 0.9607843137254902, "recall": 0.9245283018867925, "f1": 0.9423076923076923}, "s057": {"false acceptance rate": 0.015, "false rejection rate": 0.0275, "precision": 0.9640718562874252, "recall": 0.936046511627907, "f1": 0.9498525073746313}, "s054": {"false acceptance rate": 0.0325, "false rejection rate": 0.03, "precision": 0.9150326797385621, "recall": 0.9210526315789473, "f1": 0.9180327868852459}, "s033": {"false acceptance rate": 0.015, "false rejection rate": 0.0075, "precision": 0.9640718562874252, "recall": 0.9817073170731707, "f1": 0.9728096676737159}, "s052": {"false acceptance rate": 0.0025, "false rejection rate": 0.005, "precision": 0.9934640522875817, "recall": 0.987012987012987, "f1": 0.990228013029316}, "s053": {"false acceptance rate": 0.0025, "false rejection rate": 0.0075, "precision": 0.9939393939393939, "recall": 0.9820359281437125, "f1": 0.9879518072289156}, "s050": {"false acceptance rate": 0.0175, "false rejection rate": 0.0175, "precision": 0.9583333333333334, "recall": 0.9583333333333334, "f1": 0.9583333333333334}, "s018": {"false acceptance rate": 0.0125, "false rejection rate": 0.03, "precision": 0.9719101123595506, "recall": 0.9351351351351351, "f1": 0.953168044077135}, "s019": {"false acceptance rate": 0.005, "false rejection rate": 0.015, "precision": 0.9877300613496932, "recall": 0.9640718562874252, "f1": 0.9757575757575757}, "s038": {"false acceptance rate": 0.015, "false rejection rate": 0.02, "precision": 0.9615384615384616, "recall": 0.9493670886075949, "f1": 0.9554140127388535}, "s039": {"false acceptance rate": 0.02, "false rejection rate": 0.0225, "precision": 0.953757225433526, "recall": 0.9482758620689655, "f1": 0.9510086455331412}, "s012": {"false acceptance rate": 0.005, "false rejection rate": 0.015, "precision": 0.9872611464968153, "recall": 0.9627329192546584, "f1": 0.9748427672955974}, "s013": {"false acceptance rate": 0.015, "false rejection rate": 0.03, "precision": 0.9653179190751445, "recall": 0.9329608938547486, "f1": 0.9488636363636364}, "s010": {"false acceptance rate": 0.015, "false rejection rate": 0.015, "precision": 0.963855421686747, "recall": 0.963855421686747, "f1": 0.963855421686747}, "s011": {"false acceptance rate": 0.005, "false rejection rate": 0.025, "precision": 0.9883720930232558, "recall": 0.9444444444444444, "f1": 0.9659090909090908}, "s016": {"false acceptance rate": 0.02, "false rejection rate": 0.0125, "precision": 0.9466666666666667, "recall": 0.9659863945578231, "f1": 0.9562289562289563}, "s017": {"false acceptance rate": 0.0075, "false rejection rate": 0.0125, "precision": 0.9801324503311258, "recall": 0.9673202614379085, "f1": 0.9736842105263158}, "s032": {"false acceptance rate": 0.0375, "false rejection rate": 0.045, "precision": 0.90625, "recall": 0.8895705521472392, "f1": 0.8978328173374612}, "s015": {"false acceptance rate": 0.0275, "false rejection rate": 0.0325, "precision": 0.9329268292682927, "recall": 0.9216867469879518, "f1": 0.9272727272727274}, "s051": {"false acceptance rate": 0.045, "false rejection rate": 0.0175, "precision": 0.8867924528301887, "recall": 0.9527027027027027, "f1": 0.9185667752442997}, "s005": {"false acceptance rate": 0.02, "false rejection rate": 0.02, "precision": 0.9490445859872612, "recall": 0.9490445859872612, "f1": 0.9490445859872612}, "s004": {"false acceptance rate": 0.02, "false rejection rate": 0.0225, "precision": 0.9490445859872612, "recall": 0.9430379746835443, "f1": 0.946031746031746}, "s007": {"false acceptance rate": 0.02, "false rejection rate": 0.0025, "precision": 0.9490445859872612, "recall": 0.9933333333333333, "f1": 0.9706840390879479}, "s003": {"false acceptance rate": 0.015, "false rejection rate": 0.0175, "precision": 0.963855421686747, "recall": 0.9580838323353293, "f1": 0.9609609609609611}, "s002": {"false acceptance rate": 0.0425, "false rejection rate": 0.0375, "precision": 0.8827586206896552, "recall": 0.8951048951048951, "f1": 0.888888888888889}, "s041": {"false acceptance rate": 0.0175, "false rejection rate": 0.005, "precision": 0.9588235294117647, "recall": 0.9878787878787879, "f1": 0.973134328358209}, "s040": {"false acceptance rate": 0.025, "false rejection rate": 0.015, "precision": 0.9397590361445783, "recall": 0.9629629629629629, "f1": 0.9512195121951219}, "s043": {"false acceptance rate": 0.0075, "false rejection rate": 0.0, "precision": 0.9820359281437125, "recall": 1.0, "f1": 0.9909365558912386}, "s042": {"false acceptance rate": 0.01, "false rejection rate": 0.0275, "precision": 0.9753086419753086, "recall": 0.9349112426035503, "f1": 0.9546827794561933}, "s008": {"false acceptance rate": 0.025, "false rejection rate": 0.015, "precision": 0.935064935064935, "recall": 0.96, "f1": 0.9473684210526316}, "s047": {"false acceptance rate": 0.05, "false rejection rate": 0.0225, "precision": 0.868421052631579, "recall": 0.9361702127659575, "f1": 0.9010238907849829}, "s046": {"false acceptance rate": 0.0425, "false rejection rate": 0.0175, "precision": 0.8866666666666667, "recall": 0.95, "f1": 0.9172413793103449}, "s049": {"false acceptance rate": 0.0325, "false rejection rate": 0.005, "precision": 0.91875, "recall": 0.9865771812080537, "f1": 0.9514563106796117}, "s029": {"false acceptance rate": 0.0075, "false rejection rate": 0.0125, "precision": 0.9803921568627451, "recall": 0.967741935483871, "f1": 0.9740259740259739}, "s028": {"false acceptance rate": 0.0425, "false rejection rate": 0.005, "precision": 0.8835616438356164, "recall": 0.9847328244274809, "f1": 0.9314079422382672}, "s027": {"false acceptance rate": 0.015, "false rejection rate": 0.02, "precision": 0.9622641509433962, "recall": 0.9503105590062112, "f1": 0.95625}, "s026": {"false acceptance rate": 0.0375, "false rejection rate": 0.025, "precision": 0.9117647058823529, "recall": 0.9393939393939394, "f1": 0.9253731343283583}, "s025": {"false acceptance rate": 0.03, "false rejection rate": 0.0125, "precision": 0.9142857142857143, "recall": 0.9624060150375939, "f1": 0.9377289377289377}, "s024": {"false acceptance rate": 0.0075, "false rejection rate": 0.0075, "precision": 0.9823529411764705, "recall": 0.9823529411764705, "f1": 0.9823529411764705}, "s022": {"false acceptance rate": 0.0175, "false rejection rate": 0.01, "precision": 0.9578313253012049, "recall": 0.9754601226993865, "f1": 0.966565349544073}, "s021": {"false acceptance rate": 0.0325, "false rejection rate": 0.02, "precision": 0.9212121212121213, "recall": 0.95, "f1": 0.9353846153846154}, "s020": {"false acceptance rate": 0.02, "false rejection rate": 0.03, "precision": 0.9477124183006536, "recall": 0.9235668789808917, "f1": 0.935483870967742}, "s034": {"false acceptance rate": 0.0075, "false rejection rate": 0.0275, "precision": 0.9817073170731707, "recall": 0.936046511627907, "f1": 0.9583333333333333}, "s044": {"false acceptance rate": 0.0425, "false rejection rate": 0.0075, "precision": 0.89375, "recall": 0.9794520547945206, "f1": 0.9346405228758171}, "s035": {"false acceptance rate": 0.015, "false rejection rate": 0.0175, "precision": 0.9594594594594594, "recall": 0.9530201342281879,