{"SVM_group": {"SVM": {"FAR mean": 0.03700980392156863, "FAR sd": 0.026656031616318673, "FRR mean": 0.022140522875816995, "FRR sd": 0.0177447519796779, "Precision mean": 0.9250502397335398, "Precision sd": 0.055828876393220386, "Recall mean": 0.9542136959721165, "Recall sd": 0.03686441150376294, "AUC mean": 0.9726695606986522, "AUC sd": 0.024298436440565296, "F1 mean": 0.9389009808111082, "F1 sd": 0.0432850279641955, "avg train time": 2.483280184314008, "total test time": 0.0008032882351293593}, "Adaboost_SVM": {"FAR mean": 0.00021145713187235678, "FAR sd": 0.000555097508936382, "FRR mean": 0.019719979495066, "FRR sd": 0.0015092356418446595, "Precision mean": 0.9893771161854834, "Precision sd": 0.02750052595838915, "Recall mean": 0.4988288512164436, "Recall sd": 0.010024276880069833, "AUC mean": 0.8975550688872725, "AUC sd": 0.06018246366715438, "F1 mean": 0.6631852053668056, "F1 sd": 0.013643755080514153, "avg train time": 6.0454925784316025, "total test time": 29.182216454450963}, "Bagging_SVM": {"FAR mean": 0.0019287453543508908, "FAR sd": 0.001100173266982627, "FRR mean": 0.008093041138023836, "FRR sd": 0.005203803643355884, "Precision mean": 0.9027292616184314, "Precision sd": 0.054234583743009886, "Recall mean": 0.7145845241373371, "Recall sd": 0.1250758418561932, "AUC mean": 0.9705388327169479, "AUC sd": 0.025020935413251438, "F1 mean": 0.7892189468080317, "F1 sd": 0.07490537834144516, "avg train time": 2.1130868274507804, "total test time": 10.355924834666672}}, "RF_group": {"RF": {"FAR mean": 0.012499999999999999, "FAR sd": 0.01125317674828333, "FRR mean": 0.014460784313725489, "FRR sd": 0.013987061724363278, "Precision mean": 0.9745710765803622, "Precision sd": 0.023953591016002494, "Recall mean": 0.971619597262671, "Recall sd": 0.025995913537171837, "AUC mean": 0.9961351253987771, "AUC sd": 0.0046970396605968325, "F1 mean": 0.9728891556634546, "F1 sd": 0.021069761747416774, "avg train time": 99.9959070333331, "total test time": 0.0063759745102930435}, "Adaboost_RF": {"FAR mean": 0.0002210688196847366, "FAR sd": 0.00021663644116848605, "FRR mean": 0.00787517621427656, "FRR sd": 0.003760470409004837, "Precision mean": 0.9885653109741346, "Precision sd": 0.011404040172637056, "Recall mean": 0.7241001922397426, "Recall sd": 0.0918427628607919, "AUC mean": 0.9889868481829458, "AUC sd": 0.011576506483587297, "F1 mean": 0.8326182722842674, "F1 sd": 0.061630247093309776, "avg train time": 1.0160335392159623, "total test time": 0.17987208199999669}, "Bagging_RF": {"FAR mean": 0.000131359733435858, "FAR sd": 0.00019951810171652267, "FRR mean": 0.010989363065487633, "FRR sd": 0.004761084228487287, "Precision mean": 0.9930440581688665, "Precision sd": 0.011017075594520715, "Recall mean": 0.6552770090201733, "Recall sd": 0.10164344912545183, "AUC mean": 0.9843906498104635, "AUC sd": 0.014598715039939876, "F1 mean": 0.7850252545062745, "F1 sd": 0.07126019483326797, "avg train time": 1.0141667627447568, "total test time": 0.579014738352895}}, "KNN_group": {"KNN": {"FAR mean": 0.04362745098039216, "FAR sd": 0.031031128306969254, "FRR mean": 0.020506535947712415, "FRR sd": 0.01660206305211489, "Precision mean": 0.9113014989676775, "Precision sd": 0.06570691271887372, "Recall mean": 0.9569375991319958, "Recall sd": 0.03392702415416872, "AUC mean": 0.9615334378841303, "AUC sd": 0.02858999006966221, "F1 mean": 0.9325111376481062, "F1 sd": 0.04474937407252115, "avg train time": 7.597012262745172, "total test time": 0.010020898038597879}, "Adaboost_KNN": {"FAR mean": 0, "FAR sd": 0, "FRR mean": 0, "FRR sd": 0, "Precision mean": 0, "Precision sd": 0, "Recall mean": 0, "Recall sd": 0, "AUC mean": 0, "AUC sd": 0, "F1 mean": 0, "F1 sd": 0, "avg train time": 0, "total test time": 0}, "Bagging_KNN": {"FAR mean": 0.08292483660130721, "FAR sd": 0.041266500809077435, "FRR mean": 0.027532679738562094, "FRR sd": 0.021215103850348995, "Precision mean": 0.8318116414894534, "Precision sd": 0.08990620973730212, "Recall mean": 0.9378001857760546, "Recall sd": 0.044495844602606194, "AUC mean": 0.9606505352221677, "AUC sd": 0.026075174331226865, "F1 mean": 0.8793867934335263, "F1 sd": 0.06578180535760297, "avg train time": 0.008632596077707907, "total test time": 0.07508473725465592}}, "LOG_group": {"LOG": {"FAR mean": 0.04501633986928104, "FAR sd": 0.029358839454950693, "FRR mean": 0.026307189542483657, "FRR sd": 0.021571721901212378, "Precision mean": 0.909057294971658, "Precision sd": 0.06036609726230061, "Recall mean": 0.9453706571206302, "Recall sd": 0.04421329093730035, "AUC mean": 0.9680288458760895, "AUC sd": 0.02897239850076981, "F1 mean": 0.9263996845981202, "F1 sd": 0.049587135967228274, "avg train time": 7.8081009490195035, "total test time": 0.00010358627418206786}, "Adaboost_LOG": {"FAR mean": 0.002928360886838395, "FAR sd": 0.0013360438137919423, "FRR mean": 0.012796360374215044, "FRR sd": 0.005418885883349176, "Precision mean": 0.8487526652804768, "Precision sd": 0.07002892302208465, "Recall mean": 0.5841246603663199, "Recall sd": 0.1337951065191751, "AUC mean": 0.9613182760827552, "AUC sd": 0.036051537300894054, "F1 mean": 0.6851201762419658, "F1 sd": 0.09920187389847222, "avg train time": 2.617567115470591, "total test time": 0.07113683509805031}, "LBoost_LOG": {"FAR mean": 0.0007272843778034088, "FAR sd": 0.000604764532040958, "FRR mean": 0.00582468281430219, "FRR sd": 0.0035343837245777536, "Precision mean": 0.9619564078765733, "Precision sd": 0.033600248329334385, "Recall mean": 0.7761425034746655, "Recall sd": 0.10829386498194594, "AUC mean": 0.9593504956071016, "AUC sd": 0.037416321236688393, "F1 mean": 0.8552373439034051, "F1 sd": 0.07194911882570518, "avg train time": 5.011014412529413, "total test time": 0.12202381919603474}, "Bagging_LOG": {"FAR mean": 0.0023548635140330644, "FAR sd": 0.0012211257540899964, "FRR mean": 0.011534025374855823, "FRR sd": 0.005502358980770482, "Precision mean": 0.8788658624889161, "Precision sd": 0.06261442426268347, "Recall mean": 0.61987507399638, "Recall sd": 0.13588122401798744, "AUC mean": 0.9624468478243524, "AUC sd": 0.03461053221175623, "F1 mean": 0.7194933033924034, "F1 sd": 0.09739462739525799, "avg train time": 1.6150118429215667, "total test time": 0.016731857784268903}}}