{"SVM_group": {"SVM": {"FAR mean": 0.03700980392156863, "FAR sd": 0.026656031616318673, "FRR mean": 0.022140522875816995, "FRR sd": 0.0177447519796779, "Precision mean": 0.9250502397335398, "Precision sd": 0.055828876393220386, "Recall mean": 0.9542136959721165, "Recall sd": 0.03686441150376294, "AUC mean": 0.9726695606986522, "AUC sd": 0.024298436440565296, "F1 mean": 0.9389009808111082, "F1 sd": 0.0432850279641955, "avg train time": 2.483280184314008, "total test time": 0.0008032882351293593}, "Adaboost_SVM": {"FAR mean": 0.00021145713187235678, "FAR sd": 0.000555097508936382, "FRR mean": 0.019719979495066, "FRR sd": 0.0015092356418446595, "Precision mean": 0.9893771161854834, "Precision sd": 0.02750052595838915, "Recall mean": 0.4988288512164436, "Recall sd": 0.010024276880069833, "AUC mean": 0.8975550688872725, "AUC sd": 0.06018246366715438, "F1 mean": 0.6631852053668056, "F1 sd": 0.013643755080514153, "avg train time": 6.0454925784316025, "total test time": 29.182216454450963}, "Bagging_SVM": {"FAR mean": 0.0019287453543508908, "FAR sd": 0.001100173266982627, "FRR mean": 0.008093041138023836, "FRR sd": 0.005203803643355884, "Precision mean": 0.9027292616184314, "Precision sd": 0.054234583743009886, "Recall mean": 0.7145845241373371, "Recall sd": 0.1250758418561932, "AUC mean": 0.9705388327169479, "AUC sd": 0.025020935413251438, "F1 mean": 0.7892189468080317, "F1 sd": 0.07490537834144516, "avg train time": 2.1130868274507804, "total test time": 10.355924834666672}}, "RF_group": {"RF": {"FAR mean": 0.012499999999999999, "FAR sd": 0.01125317674828333, "FRR mean": 0.014460784313725489, "FRR sd": 0.013987061724363278, "Precision mean": 0.9745710765803622, "Precision sd": 0.023953591016002494, "Recall mean": 0.971619597262671, "Recall sd": 0.025995913537171837, "AUC mean": 0.9961351253987771, "AUC sd": 0.0046970396605968325, "F1 mean": 0.9728891556634546, "F1 sd": 0.021069761747416774, "avg train time": 99.9959070333331, "total test time": 0.0063759745102930435}, "Adaboost_RF": {"FAR mean": 0.0001121363578110983, "FAR sd": 0.00021339005261241463, "FRR mean": 0.004966038703062925, "FRR sd": 0.003056409254239871, "Precision mean": 0.994236890986422, "Precision sd": 0.010930002851977346, "Recall mean": 0.8110646485413159, "Recall sd": 0.09678831376599069, "AUC mean": 0.9981789968698195, "AUC sd": 0.002296236156169711, "F1 mean": 0.8901945948054716, "F1 sd": 0.059805436666074914, "avg train time": 1.0160335392159623, "total test time": 0.2267605156470588}, "Bagging_RF": {"FAR mean": 6.407791874919902e-05, "FAR sd": 0.0001337218810374805, "FRR mean": 0.006853133410226835, "FRR sd": 0.004375531955249891, "Precision mean": 0.9966701638025018, "Precision sd": 0.007103307565577719, "Recall mean": 0.7625610817622119, "Recall sd": 0.12071715626284439, "AUC mean": 0.9960230047965715, "AUC sd": 0.00640044414609326, "F1 mean": 0.8586184537357117, "F1 sd": 0.07800145254475918, "avg train time": 1.0141667627447568, "total test time": 0.8861291397843134}}, "KNN_group": {"KNN": {"FAR mean": 0.04362745098039216, "FAR sd": 0.031031128306969254, "FRR mean": 0.020506535947712415, "FRR sd": 0.01660206305211489, "Precision mean": 0.9113014989676775, "Precision sd": 0.06570691271887372, "Recall mean": 0.9569375991319958, "Recall sd": 0.03392702415416872, "AUC mean": 0.9615334378841303, "AUC sd": 0.02858999006966221, "F1 mean": 0.9325111376481062, "F1 sd": 0.04474937407252115, "avg train time": 7.597012262745172, "total test time": 0.010020898038597879}, "Adaboost_KNN": {"FAR mean": 0, "FAR sd": 0, "FRR mean": 0, "FRR sd": 0, "Precision mean": 0, "Precision sd": 0, "Recall mean": 0, "Recall sd": 0, "AUC mean": 0, "AUC sd": 0, "F1 mean": 0, "F1 sd": 0, "avg train time": 0, "total test time": 0}, "Bagging_KNN": {"FAR mean": 0.08292483660130721, "FAR sd": 0.041266500809077435, "FRR mean": 0.027532679738562094, "FRR sd": 0.021215103850348995, "Precision mean": 0.8318116414894534, "Precision sd": 0.08990620973730212, "Recall mean": 0.9378001857760546, "Recall sd": 0.044495844602606194, "AUC mean": 0.9606505352221677, "AUC sd": 0.026075174331226865, "F1 mean": 0.8793867934335263, "F1 sd": 0.06578180535760297, "avg train time": 0.008632596077707907, "total test time": 0.07508473725465592}}, "LOG_group": {"LOG": {"FAR mean": 0.04501633986928104, "FAR sd": 0.029358839454950693, "FRR mean": 0.026307189542483657, "FRR sd": 0.021571721901212378, "Precision mean": 0.909057294971658, "Precision sd": 0.06036609726230061, "Recall mean": 0.9453706571206302, "Recall sd": 0.04421329093730035, "AUC mean": 0.9680288458760895, "AUC sd": 0.02897239850076981, "F1 mean": 0.9263996845981202, "F1 sd": 0.049587135967228274, "avg train time": 7.8081009490195035, "total test time": 0.00010358627418206786}, "Adaboost_LOG": {"FAR mean": 0.002928360886838395, "FAR sd": 0.0013360438137919423, "FRR mean": 0.012796360374215044, "FRR sd": 0.005418885883349176, "Precision mean": 0.8487526652804768, "Precision sd": 0.07002892302208465, "Recall mean": 0.5841246603663199, "Recall sd": 0.1337951065191751, "AUC mean": 0.9613182760827552, "AUC sd": 0.036051537300894054, "F1 mean": 0.6851201762419658, "F1 sd": 0.09920187389847222, "avg train time": 2.617567115470591, "total test time": 0.31424956698039713}, "LBoost_LOG": {"FAR mean": 0.0006728181468665897, "FAR sd": 0.0006102223335668351, "FRR mean": 0.005811867230552351, "FRR sd": 0.004042811431292466, "Precision mean": 0.965168076053227, "Precision sd": 0.03225914946197074, "Recall mean": 0.7807719618994409, "Recall sd": 0.1209495840368774, "AUC mean": 0.9582571248251696, "AUC sd": 0.045820167552587096, "F1 mean": 0.8581913296073477, "F1 sd": 0.08011740951364105, "avg train time": 5.011014412529413, "total test time": 0.10534831325490618}, "Bagging_LOG": {"FAR mean": 0.002297193387158785, "FAR sd": 0.0012139172312012705, "FRR mean": 0.011537229270793283, "FRR sd": 0.005522483224492442, "Precision mean": 0.881974488787549, "Precision sd": 0.06197043338770596, "Recall mean": 0.6208663182848722, "Recall sd": 0.13648180167461635, "AUC mean": 0.9622431695276955, "AUC sd": 0.03452217219960664, "F1 mean": 0.72116407357264, "F1 sd": 0.09756588243078744, "avg train time": 1.6150118429215667, "total test time": 0.055412102196071955}}}