{
    "SVM_group": {
        "SVM": {
            "FAR mean": 0.03700980392156863,
            "FAR sd": 0.026656031616318673,
            "FRR mean": 0.022140522875816995,
            "FRR sd": 0.0177447519796779,
            "Precision mean": 0.9250502397335398,
            "Precision sd": 0.055828876393220386,
            "Recall mean": 0.9542136959721165,
            "Recall sd": 0.03686441150376294,
            "AUC mean": 0.9726695606986522,
            "AUC sd": 0.024298436440565296,
            "F1 mean": 0.9389009808111082,
            "F1 sd": 0.0432850279641955,
            "avg train time": 2.483280184314008,
            "total test time": 0.0008032882351293593
        },
        "Adaboost_SVM": {
            "FAR mean": 0.16045751633986924,
            "FAR sd": 0.1274471048514163,
            "FRR mean": 0.09991830065359476,
            "FRR sd": 0.09406217160452822,
            "Precision mean": 0.6726998351874213,
            "Precision sd": 0.2739668276618698,
            "Recall mean": 0.8004601311953066,
            "Recall sd": 0.1366989039633591,
            "AUC mean": 0.8511819889915365,
            "AUC sd": 0.10458581617601066,
            "F1 mean": 0.6762831302198485,
            "F1 sd": 0.30516619859963917,
            "avg train time": 6.0454925784316025,
            "total test time": 0.3222052431375749
        },
        "Bagging_SVM": {
            "FAR mean": 0.11642156862745098,
            "FAR sd": 0.06256484525347837,
            "FRR mean": 0.05784313725490195,
            "FRR sd": 0.034425006297272014,
            "Precision mean": 0.7644643412582544,
            "Precision sd": 0.13165976908715057,
            "Recall mean": 0.8650589925722908,
            "Recall sd": 0.08072989858061615,
            "AUC mean": 0.8830966672146932,
            "AUC sd": 0.06539802523069894,
            "F1 mean": 0.8084320197179921,
            "F1 sd": 0.10705956004661105,
            "avg train time": 2.1130868274507804,
            "total test time": 0.17945623529350782
        }
    },
    "RF_group": {
        "RF": {
            "FAR mean": 0.012499999999999999,
            "FAR sd": 0.01125317674828333,
            "FRR mean": 0.014460784313725489,
            "FRR sd": 0.013987061724363278,
            "Precision mean": 0.9745710765803622,
            "Precision sd": 0.023953591016002494,
            "Recall mean": 0.971619597262671,
            "Recall sd": 0.025995913537171837,
            "AUC mean": 0.9961351253987771,
            "AUC sd": 0.0046970396605968325,
            "F1 mean": 0.9728891556634546,
            "F1 sd": 0.021069761747416774,
            "avg train time": 99.9959070333331,
            "total test time": 0.0063759745102930435
        },
        "Adaboost_RF": {
            "FAR mean": 0.012581699346405227,
            "FAR sd": 0.012928131009707506,
            "FRR mean": 0.013071895424836598,
            "FRR sd": 0.012622482919639943,
            "Precision mean": 0.9743299774806881,
            "Precision sd": 0.027497923122837258,
            "Recall mean": 0.9741978950782394,
            "Recall sd": 0.02404836825848418,
            "AUC mean": 0.9958164351314293,
            "AUC sd": 0.005460842388189869,
            "F1 mean": 0.9740618576432158,
            "F1 sd": 0.02218019631299416,
            "avg train time": 1.0160335392159623,
            "total test time": 0.0038398392151815213
        },
        "Bagging_RF": {
            "FAR mean": 0.0130718954248366,
            "FAR sd": 0.012239096561538309,
            "FRR mean": 0.0130718954248366,
            "FRR sd": 0.01508011484464313,
            "Precision mean": 0.9734444039104417,
            "Precision sd": 0.025881807670619598,
            "Recall mean": 0.974476311034714,
            "Recall sd": 0.027754418942994158,
            "AUC mean": 0.9959351459388021,
            "AUC sd": 0.0055624392264385135,
            "F1 mean": 0.9737272945350418,
            "F1 sd": 0.022720115099779278,
            "avg train time": 1.0141667627447568,
            "total test time": 0.055802413725092155
        }
    },
    "KNN_group": {
        "KNN": {
            "FAR mean": 0.04362745098039216,
            "FAR sd": 0.031031128306969254,
            "FRR mean": 0.020506535947712415,
            "FRR sd": 0.01660206305211489,
            "Precision mean": 0.9113014989676775,
            "Precision sd": 0.06570691271887372,
            "Recall mean": 0.9569375991319958,
            "Recall sd": 0.03392702415416872,
            "AUC mean": 0.9615334378841303,
            "AUC sd": 0.02858999006966221,
            "F1 mean": 0.9325111376481062,
            "F1 sd": 0.04474937407252115,
            "avg train time": 7.597012262745172,
            "total test time": 0.010020898038597879
        },
        "Adaboost_KNN": {
            "FAR mean": 0,
            "FAR sd": 0,
            "FRR mean": 0,
            "FRR sd": 0,
            "Precision mean": 0,
            "Precision sd": 0,
            "Recall mean": 0,
            "Recall sd": 0,
            "AUC mean": 0,
            "AUC sd": 0,
            "F1 mean": 0,
            "F1 sd": 0,
            "avg train time": 0,
            "total test time": 0
        },
        "Bagging_KNN": {
            "FAR mean": 0.08292483660130721,
            "FAR sd": 0.041266500809077435,
            "FRR mean": 0.027532679738562094,
            "FRR sd": 0.021215103850348995,
            "Precision mean": 0.8318116414894534,
            "Precision sd": 0.08990620973730212,
            "Recall mean": 0.9378001857760546,
            "Recall sd": 0.044495844602606194,
            "AUC mean": 0.9606505352221677,
            "AUC sd": 0.026075174331226865,
            "F1 mean": 0.8793867934335263,
            "F1 sd": 0.06578180535760297,
            "avg train time": 0.008632596077707907,
            "total test time": 0.07508473725465592
        }
    },
    "LOG_group": {
        "LOG": {
            "FAR mean": 0.04501633986928104,
            "FAR sd": 0.029358839454950693,
            "FRR mean": 0.026307189542483657,
            "FRR sd": 0.021571721901212378,
            "Precision mean": 0.909057294971658,
            "Precision sd": 0.06036609726230061,
            "Recall mean": 0.9453706571206302,
            "Recall sd": 0.04421329093730035,
            "AUC mean": 0.9680288458760895,
            "AUC sd": 0.02897239850076981,
            "F1 mean": 0.9263996845981202,
            "F1 sd": 0.049587135967228274,
            "avg train time": 7.8081009490195035,
            "total test time": 0.00010358627418206786
        },
        "Adaboost_LOG": {
            "FAR mean": 0.1133986928104575,
            "FAR sd": 0.062406322636773495,
            "FRR mean": 0.06225490196078431,
            "FRR sd": 0.03218415070466832,
            "Precision mean": 0.7705933945414775,
            "Precision sd": 0.13003037527615274,
            "Recall mean": 0.8599438421451795,
            "Recall sd": 0.07190861944431391,
            "AUC mean": 0.8896252262368072,
            "AUC sd": 0.06392698662026376,
            "F1 mean": 0.808770110131793,
            "F1 sd": 0.09675663703524767,
            "avg train time": 0.24341039607836637,
            "total test time": 0.008659686275196317
        },
        "LBoost_LOG": {
            "FAR mean": 0.01699346405228758,
            "FAR sd": 0.01521100538919873,
            "FRR mean": 0.013643790849673203,
            "FRR sd": 0.01464630269314921,
            "Precision mean": 0.9652535272695806,
            "Precision sd": 0.03238255470880964,
            "Recall mean": 0.9727763166352613,
            "Recall sd": 0.02790150050648092,
            "AUC mean": 0.9939952037428113,
            "AUC sd": 0.007636035808481146,
            "F1 mean": 0.9688066685232111,
            "F1 sd": 0.027385990858212205,
            "avg train time": 0.20810746666635774,
            "total test time": 0.008201386273939017
        },